-- phpMyAdmin SQL Dump
-- version 4.9.0.1
-- https://www.phpmyadmin.net/
--
-- Servidor: 127.0.0.1
-- Tiempo de generación: 09-11-2019 a las 03:25:37
-- Versión del servidor: 10.3.16-MariaDB
-- Versión de PHP: 7.3.6

SET SQL_MODE = "NO_AUTO_VALUE_ON_ZERO";
SET AUTOCOMMIT = 0;
START TRANSACTION;
SET time_zone = "+00:00";


/*!40101 SET @OLD_CHARACTER_SET_CLIENT=@@CHARACTER_SET_CLIENT */;
/*!40101 SET @OLD_CHARACTER_SET_RESULTS=@@CHARACTER_SET_RESULTS */;
/*!40101 SET @OLD_COLLATION_CONNECTION=@@COLLATION_CONNECTION */;
/*!40101 SET NAMES utf8mb4 */;

--
-- Base de datos: `pasteleria`
--

-- --------------------------------------------------------

--
-- Estructura de tabla para la tabla `clientes`
--

CREATE TABLE `clientes` (
  `id_nombre` tinyint(50) NOT NULL,
  `nombre` varchar(50) NOT NULL,
  `rfc` varchar(13) NOT NULL,
  `dir` varchar(50) NOT NULL,
  `obs` varchar(50) NOT NULL,
  `clasif` varchar(1) NOT NULL,
  `ruta` varchar(1) NOT NULL,
  `tipo_pago` varchar(7) NOT NULL
) ENGINE=InnoDB DEFAULT CHARSET=utf8;

--
-- Volcado de datos para la tabla `clientes`
--

INSERT INTO `clientes` (`id_nombre`, `nombre`, `rfc`, `dir`, `obs`, `clasif`, `ruta`, `tipo_pago`) VALUES
(1, 'ERNESTO BIGLIA', 'XDXDXDXDXD', 'D KBKHBKBSKHB', 'JEJEJEJE', '2', '1', 'CREDITO'),
(2, 'SRA. MARY', 'SIN REGISTRO', 'INTERIOR DEL MERCADO MUNICIPAL CUAUTITLAN MEXICO', '', '1', '2', 'CONTADO'),
(3, 'ALEJANDRA MARTINEZ', 'ALKENBCBO6E7E', 'KJXNJ', '5557367636376', '3', '2', 'CONTADO'),
(4, 'JUAN CARLOS', 'SIN REGISTRO', 'IBIBi', 'BIBY', '4', '2', 'CREDITO'),
(5, 'EL BENICK', 'BHKBBBBBBBBBB', 'COMES', 'BHKBXHKBK', '1', '2', 'CREDITO'),
(6, 'ERAZITO PAMBISITO ', 'ERANOUHCOU383', 'TEQUISQUIAC', 'SOY PUTO', '1', '2', 'CREDITO'),
(7, 'JOEL RIVERA', 'SIN REGISTRO', 'CIUDAD LABOR', 'JEJEJEJE', '1', '2', 'CONTADO'),
(8, 'HBKBKH', 'BKHBHK', 'BKBHK', '', '1', '2', 'CREDITO'),
(9, 'QWERTYUIOP', 'BKHBHK', 'BKBHK', '', '1', '2', 'CREDITO'),
(10, 'JUANA ANDREW', 'BKHBHK', 'BKBHK', '', '1', '2', 'CREDITO'),
(11, 'GUSTAVO', 'SIN REGISTRO', 'KHHHHHHHHHHHHHHHH', '', '2', '2', 'CONTADO'),
(12, 'DOÑA CHUY', 'LÑKLÑKLK', 'MKHBJBH', '', '1', '1', 'CREDITO'),
(13, 'KBCHKBÑLÑKMKLM', 'LÑKLÑKLK', 'MKHBJBH', '', '1', '1', 'CREDITO'),
(14, 'LINCOLND', ' HIBHB', 'HKBKH', 'HKBHKb', '1', '2', 'CONTADO'),
(15, 'KARLA HERNANDEZ', ' HIBHB', 'HKBKH', 'HKBHKb', '1', '2', 'CONTADO'),
(16, 'EFREN ALEJANDRO MARTINEZ HERNANDEZ', 'SIN REGISTRO', 'CERRADA DE GARDENIAS NO.12', '16', '1', '2', 'CONTADO'),
(17, 'JOSE ALEKSEI MARTINEZ HERNANDEZ', 'SIN REGISTRO', 'CERRADA DE GARDENIAS NO.12', 'DATO SULETO', '1', '2', 'CONTADO'),
(18, 'BHJBHJ', 'SIN REGISTRO', 'BKDBBHLLLLLLLLL', 'NJNNNNNNNNNNNNN', '1', '2', 'CREDITO'),
(19, 'ARACELI HERNANDEZ REYES', 'SIN REGISTRO', 'CERRADA DE GARDENIAS NO.12', '', '1', '2', 'CONTADO'),
(20, 'MOISES MARTINEZ RAMIREZ', 'SIN REGISTRO', 'CALLE DEL OLMO', '', '1', '2', 'CONTADO'),
(21, 'AGUSTINA DEL CARMEN RAMIREZ SANCHEZ', 'SIN REGISTRO', 'GARDENIAS NO.39', '', '1', '1', 'CONTADO'),
(22, 'EMILIO GUEVARA', 'SIN REGISTRO', 'EXTERIOR PARTE DE ARRIBA', 'NO HAY', '1', '1', 'CREDITO'),
(23, 'DAVID EMMANUEL MARTINEZ', 'SIN REGISTRO', 'GARDENIAS NO.39', '', '1', '1', 'CREDITO'),
(24, 'ANA GLORIA MONTES', 'SIN REGISTRO', 'CALZ. MSTERIOS NO.202 LOCAL J INDUSTRIAL VALLEJO', '', '2', '2', 'CONTADO'),
(25, 'POSTRES YAZMIN', 'SIN REGISTRO', 'INTERIOR DEL MERCADO SAN COSME 6 ACCESORIA 1CC', '', '1', '1', 'CREDITO'),
(26, 'SAN JUAN', 'SIN REGISTRO', 'CUALQUIERA QUE LE PONGA', '', '1', '1', 'CREDITO'),
(27, 'JUANICO', 'SIN REGISTRO', 'CUALQUIERA QUE LE PONGA', 'SOLO ES PARA COMPROBAR', '1', '1', 'CREDITO'),
(28, 'PAMELITA SOLITA', 'SIN REGISTRO', 'CUALQUIERA QUE LE PONGA', '', '1', '1', 'CONTADO'),
(29, 'ANDRE', 'SIN REGISTRO', 'CUALQUIERA QUE LE PONGA OTRA VEZ', '', '1', '1', 'CREDITO'),
(30, 'LUISILLO EL PILLO', 'SIN REGISTRO', 'MEXICO DF', 'DATO ACTUALIZADO', '2', '3', 'CONTADO'),
(31, 'SSSSSSSSSSSSS', 'VHVDIUDGVU', 'KBDHBDK', 'IYGDYI', '1', '2', 'CREDITO'),
(32, 'ESTEBAN DIDO', 'SIN REGISTRO', 'CUAUTEMOC CARDENAS NO.16', ':XXXXLMÑCML', '1', '1', 'CONTADO'),
(33, 'ISA BARRAN', 'ISAKHBDIHKI28', 'CUAUTITLAN', 'CAMBIA HORARIOS', '3', '1', 'CONTADO'),
(34, 'URBINA RODRIGUEZ', 'URBROD283G983', 'TULTEPEC, LA TIERRA DE CUETE :V', '<3', '4', '2', 'CREDITO'),
(35, 'XIMENA ANDREA', 'CCCCCCCCCCCC', 'CCCCCCCCCCCCCCC', 'CCCCC', '1', '1', 'CREDITO'),
(36, 'NOMBRE DE PRUEBA', 'NKSJKNJI78Y82', 'DIRECCION DE PRUEBA', 'XDXDXDXDXDXD', '3', '2', 'CONTADO'),
(37, 'JUAN PEREZ', 'JUBVAGHHHHH78', 'AVENIDA DEL ROCIO', 'NO ES AMIGO', '2', '1', 'CREDITO'),
(38, 'JUAN TIAGO', 'JUBVAGHHHHH78', 'AVENIDA DEL ROCIO', 'ES AMIGO', '2', '1', 'CREDITO'),
(39, 'JUAN ANDRES', 'JUBVAGHHHHH78', 'AVENIDA DEL ROCIO', 'ES AMIGO', '2', '2', 'CREDITO'),
(40, 'JUAN IGNACIO', 'JUBVAGHHHHH78', 'AVENIDA DEL ROCIO', 'ES AMIGO', '2', '1', 'CREDITO'),
(41, 'ANDREA ZUÑIGA', 'ANDREIJ89U28U', 'GUADALAJARA', 'BADABUN', '3', '2', 'CREDITO'),
(42, 'POSTRES JAZMIN', 'SIN REGISTRO', 'INTERIOR DEL MERCADO SAN COSME ACCESORIA 1 CC', '', '1', '1', 'CREDITO'),
(43, 'JOSE SIERRA', 'SIN REGISTRO', 'INTERIOR DEL MERCADO INDUSTRIAL LOCALES 17, 18 19 ', 'DEJAR COPIA ', '2', '1', 'CREDITO'),
(44, 'VERONICA FLORES GAMA', 'SIN REGISTRO', 'LAGO ZUG NO. 9, COLONIA TORRE BLANCA', 'ESTRICTO CONTADO', '1', '1', 'CONTADO'),
(45, 'ROSARIO ESCAMILLA', 'SIN REGISTRO', 'UNION NO. 111, COLONIA INDUSTRIAL', '', '1', '1', 'CREDITO');

-- --------------------------------------------------------

--
-- Estructura de tabla para la tabla `detallepasteles`
--

CREATE TABLE `detallepasteles` (
  `nombre` varchar(50) NOT NULL,
  `linea` varchar(20) NOT NULL,
  `may` float(6,2) NOT NULL,
  `med` float(6,2) NOT NULL,
  `even` float(6,2) NOT NULL,
  `men` float(6,2) NOT NULL,
  `fechaReg` date NOT NULL
) ENGINE=InnoDB DEFAULT CHARSET=latin1;

--
-- Volcado de datos para la tabla `detallepasteles`
--

INSERT INTO `detallepasteles` (`nombre`, `linea`, `may`, `med`, `even`, `men`, `fechaReg`) VALUES
('PAY DE LIMON', 'PAY', 170.00, 195.00, 225.00, 300.00, '2019-06-22'),
('3L TRUFA', 'PAY', 170.00, 190.00, 220.00, 300.00, '2019-07-11'),
('BARRA DE FRUTAS', 'BARRA', 170.00, 190.00, 220.00, 300.00, '2019-07-21'),
('3L CAJETA', '3L TRADICIONAL', 205.00, 210.00, 280.00, 300.00, '2019-07-23'),
('BARQUILLO TRADICIONAL', 'TRADICIONAL', 200.00, 205.00, 280.00, 300.00, '2019-07-23'),
('CAMPECHANO', 'ESPECIAL TRADICIONAL', 205.00, 215.00, 280.00, 300.00, '2019-07-23'),
('3L AMARETO', '3L ESPECIAL', 215.00, 225.00, 280.00, 300.00, '2019-07-23'),
('PAY DE LIMON', 'PAYS', 140.00, 160.00, 180.00, 220.00, '2019-07-23'),
('QUESO CON CHOCOLATE', 'PAY DECORADO', 190.00, 210.00, 250.00, 280.00, '2019-07-23'),
('PANQUESITO', 'PANQUE', 170.00, 210.00, 280.00, 300.00, '2019-08-25'),
('INDIVIDUAL', 'INDIVIDUAL', 27.50, 27.50, 40.00, 40.00, '2019-08-25'),
('3L CAJETA PRINCIPE', '3L TRADICIONAL', 170.00, 215.00, 280.00, 300.00, '2019-10-21'),
('3L ROMPOPE', '3L TRADICIONAL', 170.00, 210.00, 280.00, 300.00, '2019-10-21'),
('3L DOMINO', '3L TRADICIONAL', 170.00, 210.00, 280.00, 300.00, '2019-10-21'),
('3L IMPERIAL', '3L TRADICIONAL', 175.00, 215.00, 260.00, 300.00, '2019-10-21'),
('3L CAPUCHINO', '3L TRADICIONAL', 170.00, 220.00, 280.00, 300.00, '2019-10-21'),
('3L CHOCOLATE', '3L TRADICIONAL', 175.00, 215.00, 280.00, 300.00, '2019-10-21'),
('3L MOKA', '3L TRADICIONAL', 180.00, 210.00, 280.00, 300.00, '2019-10-21'),
('3L SELVA NEGRA', '3L TRADICIONAL', 175.00, 210.00, 280.00, 300.00, '2019-10-21'),
('3L FRESA', '3L TRADICIONAL', 170.00, 215.00, 275.00, 300.00, '2019-10-21'),
('3L REINA FRESA', '3L TRADICIONAL', 170.00, 220.00, 280.00, 300.00, '2019-10-21'),
('3L DURAZNO', '3L TRADICIONAL', 170.00, 215.00, 280.00, 300.00, '2019-10-21'),
('R3L ENCANTO FRESA', '3L TRADICIONAL', 175.00, 220.00, 280.00, 300.00, '2019-10-21'),
('3L ENCANTO ZARZAMORA', '3L TRADICIONAL', 175.00, 215.00, 280.00, 300.00, '2019-10-21'),
('3L ZEBRA', '3L TRADICIONAL', 180.00, 220.00, 280.00, 300.00, '2019-10-21'),
('3L CAJETA/ZARZAMORA', '3L TRADICIONAL', 175.00, 220.00, 280.00, 300.00, '2019-10-21'),
('3L BARQUILLO', '3L TRADICIONAL', 175.00, 210.00, 280.00, 300.00, '2019-10-21'),
('3L TRUFA', '3L TRADICIONAL', 175.00, 220.00, 280.00, 300.00, '2019-10-21'),
('3L NATA', '3L TRADICIONAL', 180.00, 220.00, 280.00, 300.00, '2019-10-21'),
('3L TRES CHOCOLATES', '3L TRADICIONAL', 180.00, 225.00, 280.00, 300.00, '2019-10-21'),
('3L DOS CHOCOLATES', '3L TRADICIONAL', 180.00, 220.00, 280.00, 300.00, '2019-10-21'),
('31 AJEDREZ', '3L TRADICIONAL', 175.00, 215.00, 280.00, 300.00, '2019-10-21'),
('MOKA TRADICIONAL', 'TRADICIONAL', 170.00, 190.00, 230.00, 280.00, '2019-10-21'),
('SACHER', 'TRADICIONAL', 200.00, 210.00, 280.00, 300.00, '2019-10-21'),
('TRUFA ', 'TRADICIONAL', 200.00, 205.00, 280.00, 300.00, '2019-10-21'),
('DOMINO', 'TRADICIONAL', 200.00, 215.00, 280.00, 300.00, '2019-10-21'),
('CHOCONUEZ', 'TRADICIONAL', 200.00, 210.00, 280.00, 290.00, '2019-10-21'),
('MOKA BLANCO', 'TRADICIONAL', 200.00, 220.00, 280.00, 300.00, '2019-10-21'),
('CHOCOFLAN', 'ESPECIAL TRADICIONAL', 170.00, 200.00, 280.00, 300.00, '2019-10-21'),
('QUESOFLAN', 'ESPECIAL TRADICIONAL', 170.00, 210.00, 280.00, 300.00, '2019-10-21'),
('MARMOLEADO', 'ESPECIAL TRADICIONAL', 175.00, 210.00, 280.00, 300.00, '2019-10-21'),
('TIRAMIZU', 'ESPECIAL TRADICIONAL', 170.00, 220.00, 280.00, 300.00, '2019-10-21'),
('MUEZ DELICIAS', 'ESPECIAL TRADICIONAL', 200.00, 215.00, 280.00, 300.00, '2019-10-21'),
('3L CHOCOLOCO', '3L ESPECIAL', 200.00, 220.00, 280.00, 300.00, '2019-10-21'),
('3L DALMATA', '3L ESPECIAL', 200.00, 220.00, 280.00, 300.00, '2019-10-21'),
('3L NAPOLITANO', '3L ESPECIAL', 200.00, 210.00, 280.00, 300.00, '2019-10-21'),
('3L CAPUCHINO ESP', '3L ESPECIAL', 170.00, 210.00, 280.00, 300.00, '2019-10-21'),
('3L CHOCOFRUTAS', '3L ESPECIAL', 200.00, 220.00, 280.00, 300.00, '2019-10-21'),
('CHOCOCREAM', '3L ESPECIAL', 200.00, 205.00, 280.00, 300.00, '2019-10-21'),
('3L NUEZ', '3L ESPECIAL', 200.00, 215.00, 280.00, 300.00, '2019-10-21'),
('3L KALHUA', '3L ESPECIAL', 200.00, 210.00, 280.00, 300.00, '2019-10-21'),
('PAY DE QUESO', 'PAYS', 170.00, 200.00, 240.00, 280.00, '2019-10-21'),
('FLAN', 'PAYS', 170.00, 200.00, 240.00, 280.00, '2019-10-21'),
('CHESSE CAKE', 'PAYS', 170.00, 200.00, 280.00, 300.00, '2019-10-21'),
('LIMON EXTRAGRANDE', 'PAYS', 200.00, 220.00, 280.00, 300.00, '2019-10-21'),
('QUESO CON FRESA', 'PAY DECORADO', 180.00, 215.00, 240.00, 280.00, '2019-10-21'),
('QUESO CON ZARZAMORA', 'PAY DECORADO', 180.00, 200.00, 240.00, 280.00, '2019-10-21'),
('QUESO CON TRUFA', 'PAY DECORADO', 170.00, 215.00, 240.00, 300.00, '2019-10-21'),
('QUESO CON FRUTAS', 'PAY DECORADO', 200.00, 215.00, 240.00, 280.00, '2019-10-21'),
('QUESO CON FRESA EXTRAGRANDE', 'EXTRAGRANDE', 200.00, 220.00, 240.00, 300.00, '2019-10-21'),
('QUESO CON ZARZAMORA EXTRAGRANDE', 'EXTRAGRANDE', 200.00, 220.00, 240.00, 300.00, '2019-10-21'),
('QUESO CON TRUFA EXTRAGRANDE', 'EXTRAGRANDE', 200.00, 215.00, 240.00, 280.00, '2019-10-21'),
('QUESO CON FRUTAS EXTRAGRANDE', 'EXTRAGRANDE', 200.00, 220.00, 240.00, 300.00, '2019-10-21'),
('BARRA MOKA', 'PASTEL BARRA', 170.00, 210.00, 280.00, 300.00, '2019-10-21'),
('BARRA SACHER', 'PASTEL BARRA', 175.00, 210.00, 240.00, 280.00, '2019-10-21'),
('BARRA TRUFA', 'PASTEL BARRA', 170.00, 210.00, 240.00, 300.00, '2019-10-21'),
('BARRA SELVA NEGRA', 'PASTEL BARRA', 170.00, 215.00, 240.00, 280.00, '2019-10-21'),
('BARRA 3L CHOCOLATE', 'PAS}', 170.00, 210.00, 240.00, 300.00, '2019-10-21'),
('NIÃ‘O ENVUELTO 3L MONTE B', 'PASTEL BARRA', 200.00, 220.00, 240.00, 300.00, '2019-10-21'),
('NIÃ‘O ENVUELTO 3L MANGO', 'PASTEL BARRA', 200.00, 220.00, 280.00, 300.00, '2019-10-21'),
('NIÃ‘O ENVUELTO 3L ENCANTO FRESA', 'PASTEL BARRA', 200.00, 220.00, 240.00, 300.00, '2019-10-21'),
('3L CHOCOFRESA', 'LINEA PLUS', 200.00, 220.00, 280.00, 300.00, '2019-10-21'),
('3L BARQUILLO CUBIERTO', 'LINEA PLUS', 200.00, 220.00, 240.00, 300.00, '2019-10-21'),
('3L COMNINADO DE NUEZ', 'LINEA PLUS', 200.00, 220.00, 280.00, 300.00, '2019-10-21'),
('3L FRUTAS', 'LINEA PLUS', 200.00, 210.00, 280.00, 300.00, '2019-10-21'),
('CHOCOPAY', 'LINEA PLUS', 170.00, 220.00, 240.00, 280.00, '2019-10-21'),
('CHOCOQUESO', 'LINEA PLUS', 200.00, 225.00, 240.00, 300.00, '2019-10-21'),
('MAPOLITANO/NUEZ', 'LINEA PLUS', 175.00, 190.00, 220.00, 280.00, '2019-10-21'),
('3L FRESAS CON CREMA', 'GOURMET', 205.00, 230.00, 280.00, 320.00, '2019-10-21'),
('3L KIWI', 'GOURMET', 205.00, 230.00, 280.00, 320.00, '2019-10-21'),
('3L GALLETA OREO', 'GOURMET', 210.00, 250.00, 300.00, 350.00, '2019-10-21'),
('3L GUARDIAS', 'GOURMET', 210.00, 250.00, 300.00, 350.00, '2019-10-21'),
('3L TEQUILA', 'GOURMET', 205.00, 250.00, 300.00, 350.00, '2019-10-21'),
('3L ENJAMBRE', 'GOURMET', 200.00, 240.00, 280.00, 320.00, '2019-10-21'),
('3L BOCADO DE CIELO', 'GOURMET', 200.00, 250.00, 280.00, 320.00, '2019-10-21'),
('3L MAGNUM', 'GOURMET', 200.00, 250.00, 280.00, 350.00, '2019-10-21'),
('QUESO CON CHOCOLATE EXTRAGRANDE', 'EXTRAGRANDE', 230.00, 245.00, 330.00, 350.00, '2019-11-08');

-- --------------------------------------------------------

--
-- Estructura de tabla para la tabla `pasteles`
--

CREATE TABLE `pasteles` (
  `id_producto` int(30) NOT NULL,
  `pastel` varchar(50) COLLATE utf8_spanish_ci NOT NULL,
  `linea` varchar(25) COLLATE utf8_spanish_ci NOT NULL,
  `p_mayoreo` float(6,2) NOT NULL,
  `p_medio` float(6,2) NOT NULL,
  `p_eventual` float(6,2) NOT NULL,
  `p_menudeo` float(6,2) NOT NULL
) ENGINE=InnoDB DEFAULT CHARSET=utf8 COLLATE=utf8_spanish_ci;

--
-- Volcado de datos para la tabla `pasteles`
--

INSERT INTO `pasteles` (`id_producto`, `pastel`, `linea`, `p_mayoreo`, `p_medio`, `p_eventual`, `p_menudeo`) VALUES
(101, '3L CAJETA', '3L TRADICIONAL', 205.00, 215.00, 300.00, 330.00),
(102, '3L CAJETA PRINCIPE', '3L TRADICIONAL', 175.00, 215.00, 285.00, 305.00),
(103, '3L ROMPOPE', '3L TRADICIONAL', 170.00, 210.00, 280.00, 300.00),
(104, '3L DOMINO', '3L TRADICIONAL', 170.00, 210.00, 280.00, 300.00),
(105, '3L IMPERIAL', '3L TRADICIONAL', 175.00, 215.00, 260.00, 300.00),
(106, '3L CAPUCHINO', '3L TRADICIONAL', 170.00, 220.00, 280.00, 300.00),
(107, '3L CHOCOLATE', '3L TRADICIONAL', 175.00, 215.00, 280.00, 300.00),
(108, '3L MOKA', '3L TRADICIONAL', 180.00, 210.00, 280.00, 300.00),
(109, '3L SELVA NEGRA', '3L TRADICIONAL', 175.00, 210.00, 280.00, 300.00),
(110, '3L FRESA', '3L TRADICIONAL', 170.00, 215.00, 275.00, 300.00),
(111, '3L REINA FRESA', '3L TRADICIONAL', 170.00, 220.00, 280.00, 300.00),
(112, '3L DURAZNO', '3L TRADICIONAL', 170.00, 215.00, 280.00, 300.00),
(113, '3L ENCANTO FRESA', '3L TRADICIONAL', 175.00, 220.00, 280.00, 300.00),
(114, '3L ENCANTO ZARZAMORA', '3L TRADICIONAL', 175.00, 215.00, 280.00, 300.00),
(115, '3L ZEBRA', '3L TRADICIONAL', 180.00, 220.00, 280.00, 300.00),
(116, '3L CAJETA/ZARZAMORA', '3L TRADICIONAL', 175.00, 220.00, 280.00, 300.00),
(117, '3L BARQUILLO', '3L TRADICIONAL', 175.00, 210.00, 280.00, 300.00),
(118, '3L TRUFA', '3L TRADICIONAL', 175.00, 220.00, 280.00, 300.00),
(119, '3L NATA', '3L TRADICIONAL', 180.00, 220.00, 280.00, 300.00),
(120, '3L TRES CHOCOLATES', '3L TRADICIONAL', 180.00, 225.00, 280.00, 300.00),
(121, '3L DOS CHOCOLATES', '3L TRADICIONAL', 180.00, 220.00, 280.00, 300.00),
(122, '3L AJEDREZ', '3L TRADICIONAL', 175.00, 215.00, 280.00, 300.00),
(201, 'BARQUILLO TRADICIONAL', 'TRADICIONAL', 200.00, 205.00, 280.00, 300.00),
(202, 'MOKA TRADICIONAL', 'TRADICIONAL', 170.00, 190.00, 230.00, 280.00),
(203, 'SACHER', 'TRADICIONAL', 200.00, 210.00, 280.00, 300.00),
(204, 'TRUFA ', 'TRADICIONAL', 200.00, 205.00, 280.00, 300.00),
(205, 'DOMINO', 'TRADICIONAL', 200.00, 215.00, 280.00, 300.00),
(206, 'CHOCONUEZ', 'TRADICIONAL', 200.00, 210.00, 280.00, 290.00),
(207, 'MOKA BLANCO', 'TRADICIONAL', 200.00, 220.00, 280.00, 300.00),
(301, 'CAMPECHANO', 'ESPECIAL TRADICIONAL', 205.00, 215.00, 280.00, 300.00),
(302, 'CHOCOFLAN', 'ESPECIAL TRADICIONAL', 170.00, 200.00, 280.00, 300.00),
(303, 'QUESOFLAN', 'ESPECIAL TRADICIONAL', 205.00, 215.00, 300.00, 330.00),
(304, 'MARMOLEADO', 'ESPECIAL TRADICIONAL', 175.00, 210.00, 280.00, 300.00),
(305, 'TIRAMIZU', 'ESPECIAL TRADICIONAL', 170.00, 220.00, 280.00, 300.00),
(306, 'NUEZ DELICIAS', 'ESPECIAL TRADICIONAL', 200.00, 215.00, 280.00, 300.00),
(401, '3L AMARETO', '3L ESPECIAL', 215.00, 225.00, 280.00, 300.00),
(402, '3L CHOCOLOCO', '3L ESPECIAL', 200.00, 220.00, 280.00, 300.00),
(403, '3L DALMATA', '3L ESPECIAL', 200.00, 220.00, 280.00, 300.00),
(404, '3L NAPOLITANO', '3L ESPECIAL', 200.00, 210.00, 280.00, 300.00),
(405, '3L CAPUCHINO ESP', '3L ESPECIAL', 170.00, 210.00, 280.00, 300.00),
(406, '3L CHOCOFRUTAS', '3L ESPECIAL', 200.00, 220.00, 280.00, 300.00),
(407, 'CHOCOCREAM', '3L ESPECIAL', 200.00, 205.00, 280.00, 300.00),
(408, '3L NUEZ', '3L ESPECIAL', 200.00, 215.00, 280.00, 300.00),
(409, '3L KALHUA', '3L ESPECIAL', 200.00, 210.00, 280.00, 300.00),
(501, 'PAY DE LIMON', 'PAYS', 140.00, 160.00, 180.00, 220.00),
(502, 'PAY DE QUESO', 'PAYS', 170.00, 200.00, 240.00, 280.00),
(503, 'FLAN', 'PAYS', 170.00, 200.00, 240.00, 280.00),
(504, 'CHESSE CAKE', 'PAYS', 170.00, 200.00, 280.00, 300.00),
(505, 'LIMON EXTRAGRANDE', 'PAYS', 200.00, 220.00, 280.00, 300.00),
(601, 'QUESO CON CHOCOLATE', 'PAY DECORADO', 190.00, 210.00, 250.00, 280.00),
(602, 'QUESO CON FRESA', 'PAY DECORADO', 180.00, 215.00, 240.00, 280.00),
(603, 'QUESO CON ZARZAMORA', 'PAY DECORADO', 185.00, 200.00, 240.00, 280.00),
(604, 'QUESO CON TRUFA', 'PAY DECORADO', 170.00, 215.00, 240.00, 300.00),
(605, 'QUESO CON FRUTAS', 'PAY DECORADO', 200.00, 215.00, 240.00, 280.00),
(701, 'QUESO CON FRESA EXTRAGRANDE', 'EXTRAGRANDE', 200.00, 220.00, 240.00, 300.00),
(702, 'QUESO CON ZARZAMORA EXTRAGRANDE', 'EXTRAGRANDE', 200.00, 220.00, 240.00, 300.00),
(703, 'QUESO CON TRUFA EXTRAGRANDE', 'EXTRAGRANDE', 200.00, 215.00, 240.00, 280.00),
(704, 'QUESO CON FRUTAS EXTRAGRANDE', 'EXTRAGRANDE', 200.00, 220.00, 240.00, 300.00),
(705, 'QUESO CON CHOCOLATE EXTRAGRANDE', 'EXTRAGRANDE', 230.00, 245.00, 330.00, 350.00),
(801, 'BARRA MOKA', 'PASTEL BARRA', 170.00, 210.00, 280.00, 300.00),
(802, 'BARRA SACHER', 'PASTEL BARRA', 175.00, 210.00, 240.00, 280.00),
(803, 'BARRA TRUFA', 'PASTEL BARRA', 170.00, 210.00, 240.00, 300.00),
(804, 'BARRA SELVA NEGRA', 'PASTEL BARRA', 170.00, 215.00, 240.00, 280.00),
(805, 'BARRA 3L CHOCOLATE', 'PAS}', 170.00, 210.00, 240.00, 300.00),
(806, 'NINO ENVUELTO 3L MONTE B', 'PASTEL BARRA', 200.00, 220.00, 240.00, 300.00),
(807, 'NINO ENVUELTO 3L MANGO', 'PASTEL BARRA', 200.00, 220.00, 280.00, 300.00),
(808, 'NINO ENVUELTO 3L ENCANTO FRESA', 'PASTEL BARRA', 200.00, 220.00, 240.00, 300.00),
(901, '3L CHOCOFRESA', 'LINEA PLUS', 200.00, 220.00, 280.00, 300.00),
(902, '3L BARQUILLO CUBIERTO', 'LINEA PLUS', 200.00, 220.00, 240.00, 300.00),
(903, '3L COMNINADO DE NUEZ', 'LINEA PLUS', 200.00, 220.00, 280.00, 300.00),
(904, '3L FRUTAS', 'LINEA PLUS', 200.00, 210.00, 280.00, 300.00),
(905, 'CHOCOPAY', 'LINEA PLUS', 170.00, 220.00, 240.00, 280.00),
(906, 'CHOCOQUESO', 'LINEA PLUS', 200.00, 225.00, 240.00, 300.00),
(907, 'MAPOLITANO/NUEZ', 'LINEA PLUS', 175.00, 190.00, 220.00, 280.00),
(999, 'PANQUESITO', 'PANQUE', 170.00, 215.00, 280.00, 300.00),
(1001, '3L FRESAS CON CREMA', 'GOURMET', 205.00, 230.00, 280.00, 320.00),
(1002, '3L KIWI', 'GOURMET', 205.00, 230.00, 280.00, 320.00),
(1003, '3L GALLETA OREO', 'GOURMET', 210.00, 250.00, 300.00, 320.00),
(1004, '3L GUARDIAS', 'GOURMET', 210.00, 250.00, 300.00, 320.00),
(1005, '3L TEQUILA', 'GOURMET', 205.00, 250.00, 300.00, 320.00),
(1006, '3L ENJAMBRE', 'GOURMET', 200.00, 240.00, 280.00, 320.00),
(1007, '3L BOCADO DE CIELO', 'GOURMET', 200.00, 250.00, 280.00, 320.00),
(1008, '3L MAGNUM ', 'GOURMET', 205.00, 255.00, 285.00, 325.00),
(5000, 'INDIVIDUAL', 'INDIVIDUAL', 27.50, 27.50, 40.00, 40.00);

--
-- Disparadores `pasteles`
--
DELIMITER $$
CREATE TRIGGER `detallePastel` AFTER INSERT ON `pasteles` FOR EACH ROW insert into detallePasteles(nombre,linea,may,med,even,men,fechaReg) values(new.pastel,new.linea,new.p_mayoreo,new.p_medio,new.p_eventual,new.p_menudeo,now())
$$
DELIMITER ;
DELIMITER $$
CREATE TRIGGER `stockpasteles` AFTER INSERT ON `pasteles` FOR EACH ROW INSERT INTO pastelesstock(id_producto,pastel,stockRuta1,stockRuta2) VALUES (new.id_producto,new.pastel,0,0)
$$
DELIMITER ;

-- --------------------------------------------------------

--
-- Estructura de tabla para la tabla `pastelesstock`
--

CREATE TABLE `pastelesstock` (
  `id_producto` int(30) NOT NULL,
  `pastel` varchar(50) COLLATE utf8_spanish_ci NOT NULL,
  `stockRuta1` int(4) NOT NULL,
  `stockRuta2` int(4) NOT NULL
) ENGINE=InnoDB DEFAULT CHARSET=utf8 COLLATE=utf8_spanish_ci;

--
-- Volcado de datos para la tabla `pastelesstock`
--

INSERT INTO `pastelesstock` (`id_producto`, `pastel`, `stockRuta1`, `stockRuta2`) VALUES
(101, '3L CAJETA', 0, 0),
(102, '3L CAJETA PRINCIPE', 0, 0),
(103, '3L ROMPOPE', 0, 0),
(104, '3L DOMINO', 0, 0),
(105, '3L IMPERIAL', 0, 0),
(106, '3L CAPUCHINO', 0, 0),
(107, '3L CHOCOLATE', 0, 0),
(108, '3L MOKA', 0, 0),
(109, '3L SELVA NEGRA', 0, 0),
(110, '3L FRESA', 0, 0),
(111, '3L REINA FRESA', 0, 0),
(112, '3L DURAZNO', 0, 0),
(113, 'R3L ENCANTO FRESA', 0, 0),
(114, '3L ENCANTO ZARZAMORA', 0, 0),
(115, '3L ZEBRA', 0, 0),
(116, '3L CAJETA/ZARZAMORA', 0, 0),
(117, '3L BARQUILLO', 0, 0),
(118, '3L TRUFA', 0, 0),
(119, '3L NATA', 0, 0),
(120, '3L TRES CHOCOLATES', 0, 0),
(121, '3L DOS CHOCOLATES', 0, 0),
(122, '31 AJEDREZ', 0, 0),
(201, 'BARQUILLO TRADICIONAL', 0, 0),
(202, 'MOKA TRADICIONAL', 0, 0),
(203, 'SACHER', 0, 0),
(204, 'TRUFA ', 0, 0),
(205, 'DOMINO', 0, 0),
(206, 'CHOCONUEZ', 0, 0),
(207, 'MOKA BLANCO', 0, 0),
(301, 'CAMPECHANO', 0, 0),
(302, 'CHOCOFLAN', 0, 0),
(303, 'QUESOFLAN', 0, 0),
(304, 'MARMOLEADO', 0, 0),
(305, 'TIRAMIZU', 0, 0),
(306, 'MUEZ DELICIAS', 0, 0),
(401, '3L AMARETO', 0, 0),
(402, '3L CHOCOLOCO', 0, 0),
(403, '3L DALMATA', 0, 0),
(404, '3L NAPOLITANO', 0, 0),
(405, '3L CAPUCHINO ESP', 0, 0),
(406, '3L CHOCOFRUTAS', 0, 0),
(407, 'CHOCOCREAM', 0, 0),
(408, '3L NUEZ', 0, 0),
(409, '3L KALHUA', 0, 0),
(501, 'PAY DE LIMON', 0, 0),
(502, 'PAY DE QUESO', 0, 0),
(503, 'FLAN', 0, 0),
(504, 'CHESSE CAKE', 0, 0),
(505, 'LIMON EXTRAGRANDE', 0, 0),
(601, 'QUESO CON CHOCOLATE', 0, 0),
(602, 'QUESO CON FRESA', 0, 0),
(603, 'QUESO CON ZARZAMORA', 0, 0),
(604, 'QUESO CON TRUFA', 0, 0),
(605, 'QUESO CON FRUTAS', 0, 0),
(701, 'QUESO CON FRESA EXTRAGRANDE', 0, 0),
(702, 'QUESO CON ZARZAMORA EXTRAGRANDE', 0, 0),
(703, 'QUESO CON TRUFA EXTRAGRANDE', 0, 0),
(704, 'QUESO CON FRUTAS EXTRAGRANDE', 0, 0),
(705, 'QUESO CON CHOCOLATE EXTRAGRANDE', 0, 0),
(801, 'BARRA MOKA', 0, 0),
(802, 'BARRA SACHER', 0, 0),
(803, 'BARRA TRUFA', 0, 0),
(804, 'BARRA SELVA NEGRA', 0, 0),
(805, 'BARRA 3L CHOCOLATE', 0, 0),
(806, 'NIÃ‘O ENVUELTO 3L MONTE B', 0, 0),
(807, 'NIÃ‘O ENVUELTO 3L MANGO', 0, 0),
(808, 'NIÃ‘O ENVUELTO 3L ENCANTO FRESA', 0, 0),
(901, '3L CHOCOFRESA', 0, 0),
(902, '3L BARQUILLO CUBIERTO', 0, 0),
(903, '3L COMNINADO DE NUEZ', 0, 0),
(904, '3L FRUTAS', 0, 0),
(905, 'CHOCOPAY', 0, 0),
(906, 'CHOCOQUESO', 0, 0),
(907, 'MAPOLITANO/NUEZ', 0, 0),
(999, 'PANQUESITO', 0, 0),
(1001, '3L FRESAS CON CREMA', 0, 0),
(1002, '3L KIWI', 0, 0),
(1003, '3L GALLETA OREO', 0, 0),
(1004, '3L GUARDIAS', 0, 0),
(1005, '3L TEQUILA', 0, 0),
(1006, '3L ENJAMBRE', 0, 0),
(1007, '3L BOCADO DE CIELO', 0, 0),
(1008, '3L MAGNUM', 0, 0),
(5000, 'INDIVIDUAL', 0, 0);

-- --------------------------------------------------------

--
-- Estructura de tabla para la tabla `productos_vendidos`
--

CREATE TABLE `productos_vendidos` (
  `id` bigint(20) UNSIGNED NOT NULL,
  `id_producto` int(11) NOT NULL,
  `cantidad` bigint(20) UNSIGNED NOT NULL,
  `precio` float(8,2) NOT NULL,
  `subtotal` float(8,2) NOT NULL,
  `id_venta` bigint(20) UNSIGNED NOT NULL
) ENGINE=InnoDB DEFAULT CHARSET=utf8;

--
-- Volcado de datos para la tabla `productos_vendidos`
--

INSERT INTO `productos_vendidos` (`id`, `id_producto`, `cantidad`, `precio`, `subtotal`, `id_venta`) VALUES
(1, 501, 1, 160.00, 160.00, 1),
(2, 101, 5, 210.00, 1050.00, 1),
(3, 201, 1, 300.00, 300.00, 2),
(4, 101, 3, 305.00, 915.00, 2),
(5, 101, 2, 205.00, 410.00, 5),
(6, 501, 5, 140.00, 700.00, 5),
(7, 601, 1, 280.00, 280.00, 6),
(8, 201, 3, 300.00, 900.00, 6),
(9, 201, 1, 300.00, 300.00, 7),
(10, 201, 1, 300.00, 300.00, 8),
(11, 501, 1, 140.00, 140.00, 9),
(12, 501, 2, 140.00, 280.00, 9),
(13, 601, 2, 190.00, 380.00, 9),
(14, 601, 3, 190.00, 570.00, 9),
(15, 5000, 5, 40.00, 200.00, 10),
(16, 601, 1, 190.00, 190.00, 11),
(17, 201, 1, 280.00, 280.00, 12),
(18, 101, 2, 280.00, 560.00, 12),
(19, 501, 1, 160.00, 160.00, 13),
(20, 201, 1, 300.00, 300.00, 14),
(21, 401, 2, 300.00, 600.00, 14),
(22, 201, 1, 300.00, 300.00, 15),
(23, 601, 3, 280.00, 840.00, 15),
(24, 5000, 2, 40.00, 80.00, 15),
(25, 401, 5, 300.00, 1500.00, 15),
(26, 501, 1, 180.00, 180.00, 16),
(27, 503, 1, 170.00, 170.00, 17),
(28, 505, 1, 200.00, 200.00, 17),
(29, 603, 1, 180.00, 180.00, 17),
(30, 406, 2, 200.00, 400.00, 17),
(31, 705, 1, 245.00, 245.00, 18),
(32, 204, 1, 205.00, 205.00, 18),
(33, 203, 2, 210.00, 420.00, 18),
(34, 503, 1, 200.00, 200.00, 18),
(35, 202, 1, 190.00, 190.00, 18),
(36, 101, 1, 205.00, 205.00, 19),
(37, 303, 1, 205.00, 205.00, 19),
(38, 603, 1, 185.00, 185.00, 19),
(39, 203, 1, 200.00, 200.00, 19),
(40, 203, 1, 300.00, 300.00, 20),
(41, 203, 1, 300.00, 300.00, 21),
(42, 503, 1, 280.00, 280.00, 21),
(43, 203, 1, 280.00, 280.00, 22),
(44, 501, 1, 180.00, 180.00, 23),
(45, 501, 1, 180.00, 180.00, 24),
(46, 5000, 5, 27.50, 137.50, 25),
(47, 201, 1, 200.00, 200.00, 25),
(48, 201, 1, 200.00, 200.00, 25),
(49, 501, 1, 140.00, 140.00, 26),
(50, 601, 3, 190.00, 570.00, 26),
(51, 5000, 5, 27.50, 137.50, 26),
(52, 501, 1, 140.00, 140.00, 27),
(53, 5000, 5, 27.50, 137.50, 27),
(54, 501, 1, 160.00, 160.00, 28),
(55, 5000, 3, 27.50, 82.50, 28),
(56, 101, 1, 330.00, 330.00, 29),
(57, 501, 1, 220.00, 220.00, 29),
(58, 201, 1, 300.00, 300.00, 29),
(59, 501, 1, 220.00, 220.00, 30),
(60, 505, 1, 300.00, 300.00, 30),
(61, 101, 1, 330.00, 330.00, 30),
(62, 601, 1, 280.00, 280.00, 30),
(63, 203, 1, 300.00, 300.00, 31),
(64, 203, 1, 300.00, 300.00, 32);

-- --------------------------------------------------------

--
-- Estructura de tabla para la tabla `users`
--

CREATE TABLE `users` (
  `id_nombre` tinyint(50) NOT NULL,
  `usuario` varchar(30) COLLATE utf8_spanish_ci NOT NULL,
  `contrasena` varchar(50) COLLATE utf8_spanish_ci NOT NULL
) ENGINE=InnoDB DEFAULT CHARSET=utf8 COLLATE=utf8_spanish_ci;

--
-- Volcado de datos para la tabla `users`
--

INSERT INTO `users` (`id_nombre`, `usuario`, `contrasena`) VALUES
(1, 'alek', '1234'),
(1, 'trigales', 'trigalesdeoro'),
(3, 'erazo', 'c72ce4df78f5a406f648404a98e22407');

-- --------------------------------------------------------

--
-- Estructura de tabla para la tabla `ventas`
--

CREATE TABLE `ventas` (
  `id` bigint(20) UNSIGNED NOT NULL,
  `nombre` varchar(50) NOT NULL,
  `rfc` varchar(13) NOT NULL,
  `direccion` varchar(50) NOT NULL,
  `obs` varchar(50) NOT NULL,
  `fecha` date NOT NULL,
  `piezasVen` int(3) NOT NULL,
  `pago` varchar(7) NOT NULL,
  `total` float(8,2) NOT NULL
) ENGINE=InnoDB DEFAULT CHARSET=utf8;

--
-- Volcado de datos para la tabla `ventas`
--

INSERT INTO `ventas` (`id`, `nombre`, `rfc`, `direccion`, `obs`, `fecha`, `piezasVen`, `pago`, `total`) VALUES
(1, 'ERNESTO BIGLIA', 'XDXDXDXDXD', 'D KBKHBKBSKHB JEJEJEJE', '', '2019-11-05', 6, 'CREDITO', 1210.00),
(2, 'JUAN SILVA', 'SIN REGISTRO', 'DIRECCION DE PRUEBA2', '', '2019-11-05', 4, 'CREDITO', 1215.00),
(3, 'SRA. MARY', 'SIN REGISTRO', 'INTERIOR DEL MERCADO MUNICIPAL CUAUTITLAN MEXICO ', '', '2019-11-05', 6, 'CONTADO', 1625.00),
(4, 'SRA. MARY', 'SIN REGISTRO', 'INTERIOR DEL MERCADO MUNICIPAL CUAUTITLAN MEXICO ', '', '2019-11-05', 6, 'CONTADO', 1625.00),
(5, 'SRA. MARY', 'SIN REGISTRO', 'INTERIOR DEL MERCADO MUNICIPAL CUAUTITLAN MEXICO ', '', '2019-11-05', 7, 'CONTADO', 1110.00),
(6, 'JOEL RIVERA', 'JOELNW172033W', 'DIRECCION DE PRUEBA2', '', '2019-11-05', 4, 'CONTADO', 1180.00),
(7, 'LUIS ANGEL', 'LUISNW172033W', 'CUAUTITLAN MEXICO', '', '2019-11-05', 1, 'CONTADO', 300.00),
(8, 'JUAN CARLOS', 'SIN REGISTRO', 'IBIBi BIBY', '', '2019-11-08', 1, 'CREDITO', 300.00),
(9, 'SRA. MARY', 'SIN REGISTRO', 'INTERIOR DEL MERCADO MUNICIPAL CUAUTITLAN MEXICO ', '', '2019-11-08', 8, 'CONTADO', 1370.00),
(10, 'JUAN CARLOS', 'SIN REGISTRO', 'IBIBi BIBY', '', '2019-11-08', 5, 'CREDITO', 200.00),
(11, 'SRA. MARY', 'SIN REGISTRO', 'INTERIOR DEL MERCADO MUNICIPAL CUAUTITLAN MEXICO ', '', '2019-11-08', 1, 'CONTADO', 190.00),
(12, 'ALEJANDRA MARTINEZ', 'ALKENBCBO6E7E', 'KJXNJ NKNKJN', '', '2019-11-08', 3, 'CONTADO', 840.00),
(13, 'ERNESTO BIGLIA', 'XDXDXDXDXD', 'D KBKHBKBSKHB JEJEJEJE', '', '2019-11-08', 1, 'CREDITO', 160.00),
(14, 'JUAN CARLOS', 'SIN REGISTRO', 'IBIBi BIBY', '', '2019-11-08', 3, 'CREDITO', 900.00),
(15, 'JOEL RIVERA', 'JOELNW172033W', 'TESQUEX', '', '2019-11-08', 11, 'CONTADO', 2720.00),
(16, 'ALEJANDRA MARTINEZ', 'ALKENBCBO6E7E', 'KJXNJ NKNKJN', '', '2019-11-08', 1, 'CONTADO', 180.00),
(17, 'VERONICA FLORES GAMA', 'SIN REGISTRO', 'LAGO ZUG NO. 9, COLONIA TORRE BLANCA ESTRICTO CONT', '', '2019-11-08', 5, 'CONTADO', 950.00),
(18, 'JOSE SIERRA', 'SIN REGISTRO', 'INTERIOR DEL MERCADO INDUSTRIAL LOCALES 17, 18 19 ', '', '2019-11-08', 6, 'CREDITO', 1260.00),
(19, 'ROSARIO ESCAMILLA', 'SIN REGISTRO', 'UNION NO. 111, COLONIA INDUSTRIAL ', '', '2019-11-08', 4, 'CREDITO', 795.00),
(20, 'DON JUAN', 'SIN REGISTRO', 'CERRADA DEL ROCIO NO9', '', '2019-11-08', 1, 'CONTADO', 300.00),
(21, 'DON JUAN', 'SIN REGISTRO', 'CERRADA DEL ROCIO NO9', '', '2019-11-08', 2, 'CONTADO', 580.00),
(22, 'ALEJANDRA MARTINEZ', 'ALKENBCBO6E7E', 'KJXNJ', 'Array', '2019-11-08', 1, 'CONTADO', 280.00),
(23, 'ALEJANDRA MARTINEZ', 'ALKENBCBO6E7E', 'KJXNJ', 'NKNKJN', '2019-11-08', 1, 'CONTADO', 180.00),
(24, 'ALEJANDRA MARTINEZ', 'ALKENBCBO6E7E', 'KJXNJ', '5557367636376', '2019-11-08', 1, 'CONTADO', 180.00),
(25, 'SRA. MARY', 'SIN REGISTRO', 'INTERIOR DEL MERCADO MUNICIPAL CUAUTITLAN MEXICO', 'Array', '2019-11-08', 7, 'CONTADO', 537.50),
(26, 'SRA. MARY', 'SIN REGISTRO', 'INTERIOR DEL MERCADO MUNICIPAL CUAUTITLAN MEXICO', '', '2019-11-08', 9, 'CONTADO', 847.50),
(27, 'SRA. MARY', 'SIN REGISTRO', 'INTERIOR DEL MERCADO MUNICIPAL CUAUTITLAN MEXICO', 'ESTRICTO CONTADO', '2019-11-08', 6, 'CONTADO', 277.50),
(28, 'ERNESTO BIGLIA', 'XDXDXDXDXD', 'D KBKHBKBSKHB', 'JEJEJEJE', '2019-11-08', 4, 'CREDITO', 242.50),
(29, 'JUAN CARLOS', 'SIN REGISTRO', 'IBIBi', 'BIBY', '2019-11-08', 3, 'CREDITO', 850.00),
(30, 'JUAN CARLOS', 'SIN REGISTRO', 'IBIBi', 'BIBY', '2019-11-08', 4, 'CREDITO', 1130.00),
(31, 'DON JUAN', 'SIN REGISTRO', 'CERRADA DEL ROCIO NO9', '', '2019-11-08', 1, 'CONTADO', 300.00),
(32, 'DON JUAN', 'SIN REGISTRO', 'CERRADA DEL ROCIO NO9', 'ESTO ES UNA PRUEBA', '2019-11-08', 1, 'CONTADO', 300.00);

--
-- Índices para tablas volcadas
--

--
-- Indices de la tabla `clientes`
--
ALTER TABLE `clientes`
  ADD PRIMARY KEY (`id_nombre`);

--
-- Indices de la tabla `pasteles`
--
ALTER TABLE `pasteles`
  ADD PRIMARY KEY (`id_producto`);

--
-- Indices de la tabla `pastelesstock`
--
ALTER TABLE `pastelesstock`
  ADD PRIMARY KEY (`id_producto`);

--
-- Indices de la tabla `productos_vendidos`
--
ALTER TABLE `productos_vendidos`
  ADD PRIMARY KEY (`id`),
  ADD KEY `id_producto` (`id_producto`),
  ADD KEY `id_venta` (`id_venta`);

--
-- Indices de la tabla `ventas`
--
ALTER TABLE `ventas`
  ADD PRIMARY KEY (`id`);

--
-- AUTO_INCREMENT de las tablas volcadas
--

--
-- AUTO_INCREMENT de la tabla `clientes`
--
ALTER TABLE `clientes`
  MODIFY `id_nombre` tinyint(50) NOT NULL AUTO_INCREMENT, AUTO_INCREMENT=46;

--
-- AUTO_INCREMENT de la tabla `productos_vendidos`
--
ALTER TABLE `productos_vendidos`
  MODIFY `id` bigint(20) UNSIGNED NOT NULL AUTO_INCREMENT, AUTO_INCREMENT=65;

--
-- AUTO_INCREMENT de la tabla `ventas`
--
ALTER TABLE `ventas`
  MODIFY `id` bigint(20) UNSIGNED NOT NULL AUTO_INCREMENT, AUTO_INCREMENT=33;

--
-- Restricciones para tablas volcadas
--

--
-- Filtros para la tabla `productos_vendidos`
--
ALTER TABLE `productos_vendidos`
  ADD CONSTRAINT `productos_vendidos_ibfk_1` FOREIGN KEY (`id_producto`) REFERENCES `pasteles` (`id_producto`) ON DELETE CASCADE,
  ADD CONSTRAINT `productos_vendidos_ibfk_2` FOREIGN KEY (`id_venta`) REFERENCES `ventas` (`id`) ON DELETE CASCADE;
COMMIT;

/*!40101 SET CHARACTER_SET_CLIENT=@OLD_CHARACTER_SET_CLIENT */;
/*!40101 SET CHARACTER_SET_RESULTS=@OLD_CHARACTER_SET_RESULTS */;
/*!40101 SET COLLATION_CONNECTION=@OLD_COLLATION_CONNECTION */;
