-- phpMyAdmin SQL Dump
-- version 5.1.1
-- https://www.phpmyadmin.net/
--
-- Servidor: 127.0.0.1
-- Tiempo de generación: 12-06-2022 a las 17:37:34
-- Versión del servidor: 10.4.22-MariaDB
-- Versión de PHP: 7.4.27

SET SQL_MODE = "NO_AUTO_VALUE_ON_ZERO";
START TRANSACTION;
SET time_zone = "+00:00";


/*!40101 SET @OLD_CHARACTER_SET_CLIENT=@@CHARACTER_SET_CLIENT */;
/*!40101 SET @OLD_CHARACTER_SET_RESULTS=@@CHARACTER_SET_RESULTS */;
/*!40101 SET @OLD_COLLATION_CONNECTION=@@COLLATION_CONNECTION */;
/*!40101 SET NAMES utf8mb4 */;

--
-- Base de datos: `pasteleria`
--

-- --------------------------------------------------------

--
-- Estructura de tabla para la tabla `clientes`
--

CREATE TABLE `clientes` (
  `id_nombre` tinyint(50) NOT NULL,
  `nombre` varchar(50) NOT NULL,
  `rfc` varchar(13) NOT NULL,
  `dir` varchar(50) NOT NULL,
  `obs` varchar(50) NOT NULL,
  `clasif` varchar(1) NOT NULL,
  `ruta` varchar(1) NOT NULL,
  `tipo_pago` varchar(7) NOT NULL
) ENGINE=InnoDB DEFAULT CHARSET=utf8;

--
-- Volcado de datos para la tabla `clientes`
--

INSERT INTO `clientes` (`id_nombre`, `nombre`, `rfc`, `dir`, `obs`, `clasif`, `ruta`, `tipo_pago`) VALUES
(1, 'SRA. MARY', 'SIN REGISTRO', 'INTERIOR DEL MERCADO MUNICIPAL CUAUTITLAN MEXICO', '', '1', '2', 'CONTADO'),
(2, 'POSTRES YAZMIN', 'SIN REGISTRO', 'INTERIOR DEL MERCADO SAN COSME ACCESORIA 1 CC', '', '1', '1', 'CONTADO'),
(3, 'JOSE SIERRA', 'SIN REGISTRO', 'INTERIOR DEL MERCADO INDUSTRIAL LOCALES 17, 18 19 ', 'DEJAR COPIA ', '4', '1', 'CREDITO'),
(4, 'VERONICA FLORES GAMA', 'SIN REGISTRO', 'LAGO ZUG NO. 9, COLONIA TORRE BLANCA', 'ESTRICTO CONTADO', '1', '1', 'CONTADO'),
(5, 'ROSARIO ESCAMILLA', 'SIN REGISTRO', 'UNION NO. 111, COLONIA INDUSTRIAL', '', '4', '1', 'CREDITO'),
(6, 'JOSEFINA SANCHEZ', 'SIN REGISTRO', 'ORIENTE 91 NO. 2809, COLONIA RIO BLANCO', '', '4', '1', 'CONTADO'),
(7, 'BEATRIZ MENDEZ CANO', 'SIN REGISTRO', 'VICENTE GUERRERO NO. 39, SAN MIGUEL CHALMA', 'SOLO CONTADO', '4', '1', 'CONTADO'),
(8, 'JUAN JOSE GOMEZ GRANADOS', 'SIN REGISTRO', 'INTERIOR DEL MERCADO 18 DE MARZO LOCAL 76', '', '4', '1', 'CONTADO'),
(9, 'MARIO ARELLANO EL PLATANO VELOZ', 'SIN REGISTRO', 'INTERIOR DEL MERCADO ARGENTINA LOCALES 20 Y 21', '', '2', '1', 'CREDITO'),
(10, 'MARCELO GONZALEZ', 'SIN REGISTRO', 'AV. DE LOS BARRIOS NO. 26, LOS REYES IZTACALA', '', '4', '1', 'CONTADO'),
(11, 'LETICIA CASTREJON MARTINEZ', 'SIN REGISTRO', 'ANTONIO CASO NO. 44, EL CAPULIN SOLEDAD', '', '1', '1', 'CONTADO'),
(12, 'FRANCISCO VELAZQUEZ ', 'SIN REGISTRO', 'CALLE 13 NO. 121, PROGRESO NACIONAL', 'TEL 5514873726', '1', '1', 'CREDITO'),
(13, 'HOLA CAFE, ALEJANDRO GARIBAY', 'SIN REGISTRO', 'INTERIOR DEL MERCADO EL MOLINO LOCAL 12 NAVE 1', '', '1', '1', 'CONTADO'),
(14, 'CARLOS DE JESUS DIOSDADO', 'SIN REGISTRO', 'INTERIOR DEL MERCADO RIO BLANCO', 'TEL 5532752339', '3', '1', 'CONTADO'),
(15, 'LORENA RUBIO', 'SIN REGISTRO', 'VENTA DE MOSTRADOR', 'SOLO CONTADO', '1', '2', 'CONTADO'),
(16, 'LETICIA SOLORZANO', 'SIN REGISTRO', 'INTERIOR DEL MERCADO ZAPATA LOCAL NO. 192 PASILLO ', 'TEL 5572 87 48 79', '4', '1', 'CONTADO'),
(17, 'LORENZO DE JESUS HERNANDEZ', 'SIN REGISTRO', 'INTERIOR DEL MERCADO RIO BLANCO ', '', '5', '1', 'CONTADO'),
(18, 'MARISOL MARTINEZ ROBLES', 'SIN REGISTRO', 'SAN MIGUEL XOCHIMANGA', '', '4', '2', 'CONTADO'),
(19, 'ANTONIO CHICA', 'SIN REGISTRO', 'MERCADO DE LA 7° SECC. SAN JUAN DE ARAGON', '', '5', '1', 'CONTADO'),
(20, 'ROBERTO JOSEFINA SANCHEZ', 'SIN REGISTRO', 'ORIENTE 91 NO. 2809, COLONIA RIO BLANCO', '', '4', '1', 'CREDITO'),
(21, 'SRA. LULU', 'SIN REGISTRO', 'JARDIN MUNICIPAL CUAUTITLAN MEXICO', 'SOLO CONTADO', '5', '2', 'CONTADO'),
(22, 'ALVARO JIMENEZ', 'SIN REGISTRO', 'CALLE 20 DE NOVIEMBRE NO. 6, CENTRO, VILL NICOLAS ', '', '5', '2', 'CONTADO'),
(23, 'LAURA SOLANO MARTIN', 'SIN REGISTRO', 'JARDIN MUNICIPAL CUAUTITLAN MEXICO', '', '5', '2', 'CONTADO'),
(24, 'FATIMA SOLANO MARTIN', 'SIN REGISTRO', 'JARDIN MUNICIPAL CUAUTITLAN MEXICO', '', '5', '2', 'CONTADO'),
(25, 'YAZMIN GABRIEL', 'SIN REGISTRO', 'JARDIN MUNICIPAL CUAUTITLAN MEXICO', ' TEL 5613727140', '5', '2', 'CONTADO'),
(26, 'SERGIO RIBERA', 'SIN REGISTRO', 'TEPOJACO', '', '5', '2', 'CONTADO'),
(27, 'SN BARTOLO  ( MARICELA ESPINDOLA  POSTRES MARI )', 'SIN REGISTRO', 'MERCADO CABECERA MUNICIPAL NAUCALPAN, LOCAL 582 ', ' COL. SAN BARTOLO  TEL 5510774206  Y 5527832408', '3', '1', 'CONTADO'),
(28, 'CREMERIA SAN JOSE ', 'SIN REGISTRO', 'JARDIN MUNICIPAL CUAUTITLAN MEXICO', '', '5', '2', 'CONTADO'),
(29, 'MARTIN RIBERA', 'SIN REGISTRO', 'JARDIN MUNICIPAL CUAUTITLAN MEXICO', 'CEL .5561139638', '5', '2', 'CONTADO'),
(30, 'ANGELICA SANDOVAL', 'SIN REGISTRO', 'EL CERRITO ', 'TEL 5522816616', '5', '2', 'CONTADO'),
(31, 'LINDA JIMENEZ', 'SIN REGISTRO', 'SAN PEDRO', '', '5', '2', 'CONTADO'),
(32, 'ADRIANA QUEZADA CONTRERAS', 'SIN REGISTRO', 'MARIA GUADALUPE  SUAREZ No.2, FRACCION SAN ESTEBAN', '5539123295', '5', '2', 'CONTADO'),
(33, 'ALEJANDRA SANCHEZ ESCALONA ', 'SIN REGISTRO', 'JARDIN MUNICIPAL CUAUTITLAN MEXICO', '', '5', '2', 'CONTADO'),
(34, 'ANGELES GONZALEZ CRUZ', 'SIN REGISTRO', 'AV. FRANCISCO I. MADERO NO.118 LA COLMENA, V ILLA ', 'tel. 55 45 40 77 78', '5', '2', 'CONTADO'),
(35, 'LAURA  BARRON ', 'SIN REGISTRO', 'PROGRESO NACIONAL  CALLE 12 N°.85', '5516010792', '4', '1', 'CONTADO'),
(36, 'LAURA  LOPEZ GALVAN', 'SIN REGISTRO', 'LAGO CHAPULTEPEC N°.8,COL. MANANTIALES', '5585708422  PASA  POR ELLOS', '4', '2', 'CONTADO'),
(37, 'IRENE PEREZ', 'SIN REGISTRO', 'STA. ISABEL TOLA ', '5560813056  EN LOS ARCOS', '5', '1', 'CONTADO'),
(38, 'HUGO PAREDES FLORES', 'SIN REGISTRO', 'CALLE 313 N. 217, NUEVA ATZACOALCOS', 'TEL 76927630 Y CEL 5516150438', '5', '1', 'CONTADO'),
(39, 'BLANCA ESTELA MARTIN', 'SIN REGISTRO', 'ANEXO DEL MERCADO SAN JOAQUIN COL. PERALVILLO', 'SOLO CONTADO', '4', '1', 'CONTADO'),
(40, 'OMAR MALDONADO', 'SIN REGISTRO', 'FUENTE DE SAN SON, 10, FUENTES DEL VALLE TULTITLAN', '5532449010 ', '4', '2', 'CONTADO'),
(41, 'MARCIAL', 'SIN REGISTRO', 'SANTA CLARA ', '', '5', '2', 'CONTADO'),
(42, 'H 18 DE MARZO ', 'SIN REGISTRO', 'INTERIOR DEL MERCADO 18 MARZO ', '', '3', '1', 'CONTADO'),
(43, 'GABRIELA GUTIERREZ P. (PAPELERIA Y REGALOS GABY)', 'SIN REGISTRO', 'PAPALOAPAN NO.110COL SN ANDRES AZCAPOTZALCO C.P 02', 'TEL 5542263162 A PARTIR DE LAS 9.0AM RECIBE', '4', '1', 'CONTADO'),
(44, 'ANA GLORIA MONTES', 'SIN REGISTRO', 'CALZ. MISTERIOS NO 202 LOCAL J, INDUSTRIAL VALLEJO', 'SOLO CONTADO', '1', '1', 'CONTADO'),
(45, 'FUENTE DE SODAS EL NEVADO', 'SIN REGISTRO', 'AV. AZCAPOTZALCO NO. 591, ', 'SOLO CONTADO', '4', '1', 'CONTADO'),
(46, 'IRMA DIAZ', 'SIN REGISTRO', 'INETRIOR DEL MERCADO EL MOLINO ', 'SOLO CONTADO', '5', '1', 'CONTADO'),
(47, 'PATOLANDIA', 'SIN REGISTRO', 'VIA GUSTAVO BAZ NO. ', 'SOLO CONTADO', '4', '1', 'CONTADO'),
(48, 'CLAUDIA ROJAS HERNANDEZ', 'SIN REGISTRO', 'INETRIOR DEL MERCADO EL MOLINO NO. 391-A', 'TEL 5618819274 EN EL PUESTO DE CELULARES', '4', '1', 'CONTADO'),
(49, 'EDITH GOMEZ VALENCIA  CAFE74', 'SIN REGISTRO', 'GRANATE N.55, PEDREGAL DE ATIZAPAN', 'CEL 8123288178', '5', '1', 'CONTADO'),
(50, 'DAVID GONZALEZ', 'SIN REGISTRO', 'EMILIO CARRANZA N.21, AMPLIACION SAN ESTEBAN , NAU', 'TEL 5534648787', '3', '1', 'CONTADO'),
(51, 'MARIO, POSTRES JAZMIN', 'SIN REGISTRO', 'INTERIOR DEL MERCADO SAN COSME ACCESORIA 1CC', '', '1', '1', 'CREDITO'),
(52, 'ARTURO ROBLES MANZANO', 'SIN REGISTRO', 'REFINERIA MINATITLAN N.67, REINOSA TAMAULIPAS, AZC', 'CEL 5516 00 0533 FIJO 5553 19 3389', '3', '1', 'CONTADO'),
(53, 'LISSETTE DIAZ BARRON', 'SIN REGISTRO', 'SANTIAGO ATEPETLAC MZ.3 LOTE C3, GUADALUPE PROLETA', 'TEL 55 22 70 34 12', '3', '1', 'CONTADO'),
(54, 'ARACELI GONZALEZ  (SON LAS DELICIAS)', 'SIN REGISTRO', 'MINAS PALACIO ESQ. BUGAMBILIAS N.2 LOCAL DELICIAS', '', '3', '1', 'CONTADO'),
(55, 'BRENDA GUEVARA ', 'SIN REGISTRO', 'TLALOC 72, COL TLAXPANA DEL. M.HIDALGO CP. 11320', '55 43 94 88 32  FRENTE AL ANEXO MERCADO ANAHUAC', '5', '1', 'CONTADO'),
(56, 'DAELY GONZALEZ RIVERA', 'SIN REGISTRO', 'AV. TEPOTZOTLAN #25 SAN JUAN BUENAVISTA LA AURORA', 'CEL 5541278637', '3', '2', 'CONTADO'),
(57, 'POSTRES EVELIN, LEONOR LOPEZ', 'SIN REGISTRO', 'INTERIOR DEL MERCADO ROMERO RUBIO', 'SOLO CONTADO', '5', '1', 'CONTADO'),
(58, 'ADRIANA FAMOSO', 'SIN REGISTRO', ' CALLE TLALOC NO.   TENAYUCA ', '', '5', '1', 'CONTADO'),
(59, 'MAGO', 'SIN REGISTRO', 'TEPALCAPA', 'EN SU CASA', '1', '2', 'CONTADO'),
(60, 'JANET HURTADO', 'SIN REGISTRO', 'BAZAR NAVIDEÑO CUAUTITLAN ', '', '5', '2', 'CONTADO'),
(61, 'NANCY  MENDOZA LARA', 'SIN REGISTRO', '1A CDA. DE JUAN PABLO 2, MZ18 LOTE 66 CASA B, FRAC', 'CUAUTITLAN MEXICO, TEL 5611232743', '5', '2', 'CONTADO'),
(62, 'JOSE JONATHAN MENDOZA MORENO', 'SIN REGISTRO', 'CALLE B LOTE 9, COLINAS DE MONTEBELLO NICOLAS ROME', 'TEL 5533996830', '5', '2', 'CONTADO');

-- --------------------------------------------------------

--
-- Estructura de tabla para la tabla `detallepasteles`
--

CREATE TABLE `detallepasteles` (
  `nombre` varchar(50) NOT NULL,
  `linea` varchar(20) NOT NULL,
  `may` float(6,2) NOT NULL,
  `med` float(6,2) NOT NULL,
  `even` float(6,2) NOT NULL,
  `men` float(6,2) NOT NULL,
  `fechaReg` date NOT NULL
) ENGINE=InnoDB DEFAULT CHARSET=latin1;

--
-- Volcado de datos para la tabla `detallepasteles`
--

INSERT INTO `detallepasteles` (`nombre`, `linea`, `may`, `med`, `even`, `men`, `fechaReg`) VALUES
('3L CAJETA', '3L TRADICIONAL', 235.00, 240.00, 240.00, 255.00, '2022-06-12'),
('3L CAJETA PRINCIPE', '3L TRADICIONAL', 235.00, 240.00, 240.00, 255.00, '2022-06-12'),
('3L ROMPOPE', '3L TRADICIONAL', 235.00, 240.00, 240.00, 255.00, '2022-06-12'),
('3L DOMINO', '3L TRADICIONAL', 235.00, 240.00, 240.00, 255.00, '2022-06-12'),
('3L IMPERIAL', '3L TRADICIONAL', 235.00, 240.00, 240.00, 255.00, '2022-06-12'),
('3L CAPUCHINO', '3L TRADICIONAL', 235.00, 240.00, 240.00, 255.00, '2022-06-12'),
('3L CHOCOLATE', '3L TRADICIONAL', 235.00, 240.00, 240.00, 255.00, '2022-06-12'),
('3L MOKA', '3L TRADICIONAL', 235.00, 240.00, 240.00, 255.00, '2022-06-12'),
('3L SELVA NEGRA', '3L TRADICIONAL', 235.00, 240.00, 240.00, 255.00, '2022-06-12'),
('3L FRESA', '3L TRADICIONAL', 255.00, 255.00, 255.00, 255.00, '2022-06-12'),
('3L REINA FRESA', '3L TRADICIONAL', 245.00, 250.00, 250.00, 255.00, '2022-06-12'),
('3L DURAZNO', '3L TRADICIONAL', 255.00, 255.00, 255.00, 255.00, '2022-06-12'),
('3L ENCANTO FRESA', '3L TRADICIONAL', 235.00, 240.00, 240.00, 255.00, '2022-06-12'),
('3L ENCANTO ZARZAMORA', '3L TRADICIONAL', 235.00, 240.00, 240.00, 255.00, '2022-06-12'),
('3L ZEBRA', '3L TRADICIONAL', 245.00, 250.00, 250.00, 255.00, '2022-06-12'),
('3L CAJETA/ZARZAMORA', '3L TRADICIONAL', 235.00, 240.00, 240.00, 255.00, '2022-06-12'),
('3L BARQUILLO', '3L TRADICIONAL', 235.00, 240.00, 240.00, 255.00, '2022-06-12'),
('3L TRUFA', '3L TRADICIONAL', 235.00, 240.00, 240.00, 255.00, '2022-06-12'),
('3L NATA', '3L TRADICIONAL', 235.00, 240.00, 240.00, 255.00, '2022-06-12'),
('3L TRES CHOCOLATES', '3L TRADICIONAL', 245.00, 250.00, 250.00, 255.00, '2022-06-12'),
('3L DOS CHOCOLATES', '3L TRADICIONAL', 245.00, 250.00, 250.00, 255.00, '2022-06-12'),
('3L AJEDREZ', '3L TRADICIONAL', 245.00, 250.00, 250.00, 255.00, '2022-06-12'),
('3L FRESA CREMAQUILLA', '3L TRADICIONAL', 255.00, 255.00, 255.00, 255.00, '2022-06-12'),
('3L IMPERIAL MOKA', '3L TRADICIONAL', 235.00, 240.00, 240.00, 255.00, '2022-06-12'),
('3L CAFE', '3L TRADICIONAL', 235.00, 240.00, 240.00, 255.00, '2022-06-12'),
('3L TELARAÑA', '3L TRADICIONAL', 235.00, 240.00, 240.00, 255.00, '2022-06-12'),
('3L REINA DURAZNO', '3L TRADICIONAL', 245.00, 250.00, 250.00, 255.00, '2022-06-12'),
('3L ENCANTO ZARZA TRIPLE', '3L ESPECIAL', 285.00, 285.00, 285.00, 350.00, '2022-06-12'),
('3L NATA TRIPLE', '3L ESPECIAL', 285.00, 285.00, 285.00, 350.00, '2022-06-12'),
('3L SELVA NEGRA TRIPLE ', '3L ESPECIAL', 285.00, 285.00, 285.00, 350.00, '2022-06-12'),
('BARQUILLO TRADICIONAL', 'TRADICIONAL', 225.00, 235.00, 235.00, 245.00, '2022-06-12'),
('MOKA TRADICIONAL', 'TRADICIONAL', 225.00, 235.00, 235.00, 245.00, '2022-06-12'),
('SACHER', 'TRADICIONAL', 225.00, 235.00, 235.00, 245.00, '2022-06-12'),
('TRUFA TRADICIONAL', 'TRADICIONAL', 225.00, 235.00, 235.00, 245.00, '2022-06-12'),
('DOMINO TRADICIONAL', 'TRADICIONAL', 225.00, 235.00, 235.00, 245.00, '2022-06-12'),
('CHOCONUEZ', 'TRADICIONAL', 235.00, 240.00, 240.00, 255.00, '2022-06-12'),
('MOKA BLANCO', 'TRADICIONAL', 225.00, 235.00, 235.00, 245.00, '2022-06-12'),
('SELVA NEGRA TRADICIONAL', 'TRADICIONAL', 225.00, 235.00, 235.00, 245.00, '2022-06-12'),
('ZEBRA', 'TRADICIONAL', 235.00, 240.00, 240.00, 245.00, '2022-06-12'),
('SACHER ALTO', 'TRADICIONAL', 280.00, 280.00, 280.00, 280.00, '2022-06-12'),
('DURAZNO TRADICIONAL', 'TRADICIONAL', 235.00, 240.00, 240.00, 245.00, '2022-06-12'),
('CAMPECHANO', 'ESPECIAL TRADICIONAL', 235.00, 240.00, 240.00, 255.00, '2022-06-12'),
('CHOCOFLAN', 'ESPECIAL TRADICIONAL', 235.00, 240.00, 240.00, 255.00, '2022-06-12'),
('QUESOFLAN', 'ESPECIAL TRADICIONAL', 235.00, 240.00, 240.00, 255.00, '2022-06-12'),
('MARMOLEADO TRIPLE', 'ESPECIAL TRADICIONAL', 235.00, 240.00, 240.00, 255.00, '2022-06-12'),
('TIRAMIZU', 'ESPECIAL TRADICIONAL', 235.00, 240.00, 240.00, 255.00, '2022-06-12'),
('NUEZ DELICIAS', 'ESPECIAL TRADICIONAL', 235.00, 240.00, 240.00, 255.00, '2022-06-12'),
('CHOCOFRESA', 'ESPECIAL', 235.00, 240.00, 240.00, 255.00, '2022-06-12'),
('REINA DURAZNO', 'ESPECIAL', 235.00, 240.00, 240.00, 255.00, '2022-06-12'),
('3L AMARETO', '3L ESPECIAL', 255.00, 255.00, 255.00, 255.00, '2022-06-12'),
('3L CHOCOLOCO', '3L ESPECIAL', 245.00, 250.00, 250.00, 255.00, '2022-06-12'),
('3L DALMATA', '3L ESPECIAL', 245.00, 250.00, 250.00, 255.00, '2022-06-12'),
('3L NAPOLITANO', '3L ESPECIAL', 255.00, 255.00, 255.00, 260.00, '2022-06-12'),
('3L CAPUCHINO ESP', '3L ESPECIAL', 245.00, 250.00, 250.00, 255.00, '2022-06-12'),
('3L CHOCOFRUTAS', '3L ESPECIAL', 245.00, 250.00, 250.00, 255.00, '2022-06-12'),
('CHOCOCREAM', '3L ESPECIAL', 245.00, 250.00, 250.00, 255.00, '2022-06-12'),
('3L NUEZ', '3L ESPECIAL', 255.00, 255.00, 255.00, 260.00, '2022-06-12'),
('3L KALHUA', '3L ESPECIAL', 245.00, 250.00, 250.00, 255.00, '2022-06-12'),
('3L MANGO', '3L ESPECIAL', 245.00, 250.00, 250.00, 255.00, '2022-06-12'),
('3L COOKIES AND CREAM', 'PLUSS', 255.00, 255.00, 255.00, 260.00, '2022-06-12'),
('3L CHOCONUEZ', '3L ESPECIAL', 255.00, 255.00, 255.00, 260.00, '2022-06-12'),
('3L AMBROSIA', '3L ESPECIAL', 255.00, 255.00, 255.00, 260.00, '2022-06-12'),
('PAY DE LIMON', 'PAYS', 180.00, 180.00, 180.00, 180.00, '2022-06-12'),
('PAY DE QUESO', 'PAYS', 180.00, 180.00, 180.00, 180.00, '2022-06-12'),
('FLAN NAPOLITANO', 'PAYS', 225.00, 235.00, 235.00, 245.00, '2022-06-12'),
('CHESSE CAKE', 'PAYS', 220.00, 220.00, 220.00, 225.00, '2022-06-12'),
('LIMON EXTRAGRANDE', 'PAYS', 220.00, 220.00, 220.00, 235.00, '2022-06-12'),
('OBLEA CHICA', 'ESPECIAL', 60.00, 60.00, 60.00, 60.00, '2022-06-12'),
('OBLEA 5K', 'ESPECIAL', 90.00, 90.00, 90.00, 90.00, '2022-06-12'),
('DIBUJO CREMA', 'ESPECIAL', 90.00, 90.00, 90.00, 90.00, '2022-06-12'),
('QUESO CON CHOCOLATE', 'PAY DECORADO', 210.00, 235.00, 235.00, 235.00, '2022-06-12'),
('QUESO CON FRESA', 'PAY DECORADO', 210.00, 235.00, 235.00, 235.00, '2022-06-12'),
('QUESO CON ZARZAMORA', 'PAY DECORADO', 210.00, 235.00, 235.00, 235.00, '2022-06-12'),
('QUESO CON TRUFA', 'PAY DECORADO', 225.00, 240.00, 240.00, 240.00, '2022-06-12'),
('QUESO CON FRUTAS', 'PAY DECORADO', 225.00, 240.00, 240.00, 240.00, '2022-06-12'),
('QUESO CON FRESA EXTRAGRANDE', 'EXTRAGRANDE', 250.00, 250.00, 250.00, 255.00, '2022-06-12'),
('QUESO CON ZARZAMORA EXTRAGRANDE', 'EXTRAGRANDE', 250.00, 250.00, 250.00, 250.00, '2022-06-12'),
('QUESO CON TRUFA EXTRAGRANDE', 'EXTRAGRANDE', 265.00, 265.00, 265.00, 265.00, '2022-06-12'),
('QUESO CON FRUTAS EXTRAGRANDE', 'EXTRAGRANDE', 265.00, 265.00, 265.00, 265.00, '2022-06-12'),
('QUESO CON CHOCOLATE EXTRAGRANDE', 'EXTRAGRANDE', 250.00, 250.00, 250.00, 250.00, '2022-06-12'),
('BARRA MOKA', 'PASTEL BARRA', 235.00, 235.00, 240.00, 240.00, '2022-06-12'),
('BARRA SACHER', 'PASTEL BARRA', 235.00, 235.00, 240.00, 240.00, '2022-06-12'),
('BARRA TRUFA', 'PASTEL BARRA', 235.00, 235.00, 240.00, 240.00, '2022-06-12'),
('BARRA SELVA NEGRA', 'PASTEL BARRA', 235.00, 235.00, 240.00, 240.00, '2022-06-12'),
('BARRA 3L CHOCOLATE', 'BARRAS', 245.00, 245.00, 245.00, 245.00, '2022-06-12'),
('NINO ENV. 3L MONTE BLANCO', 'PASTEL BARRA', 245.00, 245.00, 245.00, 245.00, '2022-06-12'),
('NINO ENV. 3L MANGO', 'PASTEL BARRA', 245.00, 245.00, 245.00, 245.00, '2022-06-12'),
('NINO ENV. 3L ENCANTO FRESA', 'PASTEL BARRA', 245.00, 245.00, 245.00, 245.00, '2022-06-12'),
('BARRA 3L FRESA', 'BARRAS', 265.00, 265.00, 265.00, 265.00, '2022-06-12'),
('BARRA 3L DURAZNO', 'BARRAS', 245.00, 245.00, 245.00, 245.00, '2022-06-12'),
('NIÑO ENV. CHABACANO ', 'BARRAS', 280.00, 280.00, 280.00, 280.00, '2022-06-12'),
('3L CHOCOFRESA', 'LINEA PLUS', 255.00, 255.00, 255.00, 260.00, '2022-06-12'),
('3L BARQUILLO CUBIERTO', 'LINEA PLUS', 255.00, 255.00, 255.00, 260.00, '2022-06-12'),
('3L COMBINADO DE NUEZ', 'LINEA PLUS', 255.00, 255.00, 255.00, 260.00, '2022-06-12'),
('3L FRUTAS', 'LINEA PLUS', 255.00, 255.00, 255.00, 260.00, '2022-06-12'),
('CHOCOPAY', 'LINEA PLUS', 255.00, 255.00, 255.00, 260.00, '2022-06-12'),
('CHOCOQUESO', 'LINEA PLUS', 255.00, 255.00, 255.00, 260.00, '2022-06-12'),
('NAPOLITANO/NUEZ', 'LINEA PLUS', 265.00, 265.00, 265.00, 265.00, '2022-06-12'),
('3L MOKAFLAN', 'PLUSS', 255.00, 255.00, 255.00, 260.00, '2022-06-12'),
('IRLANDES', 'PLUSS', 255.00, 255.00, 255.00, 260.00, '2022-06-12'),
('CHEESE CAKE CON ZARZAMORA ', 'GOURMET', 240.00, 240.00, 240.00, 250.00, '2022-06-12'),
('3L GANASCH', 'PLUSS', 245.00, 250.00, 250.00, 260.00, '2022-06-12'),
('CHOCOFLAN CON FRUTAS', 'PLUSS', 255.00, 255.00, 260.00, 260.00, '2022-06-12'),
('PANQUESITO', 'PANQUE', 200.00, 200.00, 200.00, 200.00, '2022-06-12'),
('3L FRESAS CON CREMA', 'GOURMET', 265.00, 265.00, 270.00, 265.00, '2022-06-12'),
('3L KIWI', 'GOURMET', 265.00, 265.00, 270.00, 265.00, '2022-06-12'),
('3L GALLETA OREO', 'GOURMET', 250.00, 250.00, 260.00, 260.00, '2022-06-12'),
('3L GUARDIAS', 'GOURMET', 250.00, 250.00, 260.00, 260.00, '2022-06-12'),
('3L TEQUILA', 'GOURMET', 250.00, 250.00, 260.00, 260.00, '2022-06-12'),
('3L ENJAMBRE', 'GOURMET', 265.00, 265.00, 270.00, 265.00, '2022-06-12'),
('3L BOCADO DE CIELO', 'GOURMET', 250.00, 250.00, 260.00, 260.00, '2022-06-12'),
('3L MAGNUM ', 'GOURMET', 250.00, 250.00, 260.00, 260.00, '2022-06-12'),
('3L CAFE CAPUCHINO', 'GOURMET', 250.00, 250.00, 260.00, 260.00, '2022-06-12'),
('ANIVERSARIO MULTIPLO 10 PERSONAS', '3L', 225.00, 225.00, 225.00, 225.00, '2022-06-12'),
('OBLEA REDONDA', 'PLUSS', 60.00, 60.00, 60.00, 60.00, '2022-06-12'),
('CONEJOS', 'PLUSS', 270.00, 270.00, 270.00, 270.00, '2022-06-12'),
('3L DELIRIO DE CHOCOLATE', 'GOURMET', 260.00, 260.00, 260.00, 260.00, '2022-06-12'),
('INDIVIDUAL', 'INDIVIDUAL', 34.00, 34.00, 34.00, 34.00, '2022-06-12'),
('INDIVIDUAL CHOCOLATE', 'GOURMET', 35.00, 35.00, 35.00, 35.00, '2022-06-12');

-- --------------------------------------------------------

--
-- Estructura de tabla para la tabla `pasteles`
--

CREATE TABLE `pasteles` (
  `id_producto` int(30) NOT NULL,
  `pastel` varchar(50) COLLATE utf8_spanish_ci NOT NULL,
  `linea` varchar(25) COLLATE utf8_spanish_ci NOT NULL,
  `p_mayoreo` float(6,2) NOT NULL,
  `p_medio` float(6,2) NOT NULL,
  `p_eventual` float(6,2) NOT NULL,
  `p_temporada` float(6,2) NOT NULL,
  `p_menudeo` float(6,2) NOT NULL
) ENGINE=InnoDB DEFAULT CHARSET=utf8 COLLATE=utf8_spanish_ci;

--
-- Volcado de datos para la tabla `pasteles`
--

INSERT INTO `pasteles` (`id_producto`, `pastel`, `linea`, `p_mayoreo`, `p_medio`, `p_eventual`, `p_temporada`, `p_menudeo`) VALUES
(101, '3L CAJETA', '3L TRADICIONAL', 235.00, 240.00, 240.00, 240.00, 255.00),
(102, '3L CAJETA PRINCIPE', '3L TRADICIONAL', 235.00, 240.00, 240.00, 240.00, 255.00),
(103, '3L ROMPOPE', '3L TRADICIONAL', 235.00, 240.00, 240.00, 240.00, 255.00),
(104, '3L DOMINO', '3L TRADICIONAL', 235.00, 240.00, 240.00, 240.00, 255.00),
(105, '3L IMPERIAL', '3L TRADICIONAL', 235.00, 240.00, 240.00, 240.00, 255.00),
(106, '3L CAPUCHINO', '3L TRADICIONAL', 235.00, 240.00, 240.00, 240.00, 255.00),
(107, '3L CHOCOLATE', '3L TRADICIONAL', 235.00, 240.00, 240.00, 240.00, 255.00),
(108, '3L MOKA', '3L TRADICIONAL', 235.00, 240.00, 240.00, 240.00, 255.00),
(109, '3L SELVA NEGRA', '3L TRADICIONAL', 235.00, 240.00, 240.00, 240.00, 255.00),
(110, '3L FRESA', '3L TRADICIONAL', 255.00, 255.00, 255.00, 255.00, 255.00),
(111, '3L REINA FRESA', '3L TRADICIONAL', 245.00, 250.00, 250.00, 250.00, 255.00),
(112, '3L DURAZNO', '3L TRADICIONAL', 255.00, 255.00, 255.00, 255.00, 255.00),
(113, '3L ENCANTO FRESA', '3L TRADICIONAL', 235.00, 240.00, 240.00, 240.00, 255.00),
(114, '3L ENCANTO ZARZAMORA', '3L TRADICIONAL', 235.00, 240.00, 240.00, 240.00, 255.00),
(115, '3L ZEBRA', '3L TRADICIONAL', 245.00, 250.00, 250.00, 250.00, 255.00),
(116, '3L CAJETA/ZARZAMORA', '3L TRADICIONAL', 235.00, 240.00, 240.00, 240.00, 255.00),
(117, '3L BARQUILLO', '3L TRADICIONAL', 235.00, 240.00, 240.00, 240.00, 255.00),
(118, '3L TRUFA', '3L TRADICIONAL', 235.00, 240.00, 240.00, 240.00, 255.00),
(119, '3L NATA', '3L TRADICIONAL', 235.00, 240.00, 240.00, 240.00, 255.00),
(120, '3L TRES CHOCOLATES', '3L TRADICIONAL', 245.00, 250.00, 250.00, 250.00, 255.00),
(121, '3L DOS CHOCOLATES', '3L TRADICIONAL', 245.00, 250.00, 250.00, 250.00, 255.00),
(122, '3L AJEDREZ', '3L TRADICIONAL', 245.00, 250.00, 250.00, 250.00, 255.00),
(123, '3L FRESA CREMAQUILLA', '3L TRADICIONAL', 255.00, 255.00, 255.00, 255.00, 255.00),
(124, '3L IMPERIAL MOKA', '3L TRADICIONAL', 235.00, 240.00, 240.00, 240.00, 255.00),
(125, '3L CAFE', '3L TRADICIONAL', 235.00, 240.00, 240.00, 240.00, 255.00),
(126, '3L TELARAÑA', '3L TRADICIONAL', 235.00, 240.00, 240.00, 240.00, 255.00),
(127, '3L REINA DURAZNO', '3L TRADICIONAL', 245.00, 250.00, 250.00, 250.00, 255.00),
(128, '3L ENCANTO ZARZA TRIPLE', '3L ESPECIAL', 285.00, 285.00, 285.00, 285.00, 350.00),
(129, '3L NATA TRIPLE', '3L ESPECIAL', 285.00, 285.00, 285.00, 285.00, 350.00),
(130, '3L SELVA NEGRA TRIPLE ', '3L ESPECIAL', 285.00, 285.00, 285.00, 285.00, 350.00),
(201, 'BARQUILLO TRADICIONAL', 'TRADICIONAL', 225.00, 235.00, 235.00, 235.00, 245.00),
(202, 'MOKA TRADICIONAL', 'TRADICIONAL', 225.00, 235.00, 235.00, 235.00, 245.00),
(203, 'SACHER', 'TRADICIONAL', 225.00, 235.00, 235.00, 235.00, 245.00),
(204, 'TRUFA TRADICIONAL', 'TRADICIONAL', 225.00, 235.00, 235.00, 235.00, 245.00),
(205, 'DOMINO TRADICIONAL', 'TRADICIONAL', 225.00, 235.00, 235.00, 235.00, 245.00),
(206, 'CHOCONUEZ', 'TRADICIONAL', 235.00, 240.00, 240.00, 240.00, 255.00),
(207, 'MOKA BLANCO', 'TRADICIONAL', 225.00, 235.00, 235.00, 235.00, 245.00),
(208, 'SELVA NEGRA TRADICIONAL', 'TRADICIONAL', 225.00, 235.00, 235.00, 235.00, 245.00),
(209, 'ZEBRA', 'TRADICIONAL', 235.00, 240.00, 240.00, 240.00, 245.00),
(210, 'SACHER ALTO', 'TRADICIONAL', 280.00, 280.00, 280.00, 280.00, 280.00),
(211, 'DURAZNO TRADICIONAL', 'TRADICIONAL', 235.00, 240.00, 240.00, 240.00, 245.00),
(301, 'CAMPECHANO', 'ESPECIAL TRADICIONAL', 235.00, 240.00, 240.00, 240.00, 255.00),
(302, 'CHOCOFLAN', 'ESPECIAL TRADICIONAL', 235.00, 240.00, 240.00, 240.00, 255.00),
(303, 'QUESOFLAN', 'ESPECIAL TRADICIONAL', 235.00, 240.00, 240.00, 240.00, 255.00),
(304, 'MARMOLEADO TRIPLE', 'ESPECIAL TRADICIONAL', 235.00, 240.00, 240.00, 240.00, 255.00),
(305, 'TIRAMIZU', 'ESPECIAL TRADICIONAL', 235.00, 240.00, 240.00, 240.00, 255.00),
(306, 'NUEZ DELICIAS', 'ESPECIAL TRADICIONAL', 235.00, 240.00, 240.00, 240.00, 255.00),
(307, 'CHOCOFRESA', 'ESPECIAL', 235.00, 240.00, 240.00, 240.00, 255.00),
(308, 'REINA DURAZNO', 'ESPECIAL', 235.00, 240.00, 240.00, 240.00, 255.00),
(401, '3L AMARETO', '3L ESPECIAL', 255.00, 255.00, 255.00, 255.00, 255.00),
(402, '3L CHOCOLOCO', '3L ESPECIAL', 245.00, 250.00, 250.00, 250.00, 255.00),
(403, '3L DALMATA', '3L ESPECIAL', 245.00, 250.00, 250.00, 250.00, 255.00),
(404, '3L NAPOLITANO', '3L ESPECIAL', 255.00, 255.00, 255.00, 255.00, 260.00),
(405, '3L CAPUCHINO ESP', '3L ESPECIAL', 245.00, 250.00, 250.00, 250.00, 255.00),
(406, '3L CHOCOFRUTAS', '3L ESPECIAL', 245.00, 250.00, 250.00, 250.00, 255.00),
(407, 'CHOCOCREAM', '3L ESPECIAL', 245.00, 250.00, 250.00, 250.00, 255.00),
(408, '3L NUEZ', '3L ESPECIAL', 255.00, 255.00, 255.00, 255.00, 260.00),
(409, '3L KALHUA', '3L ESPECIAL', 245.00, 250.00, 250.00, 250.00, 255.00),
(410, '3L MANGO', '3L ESPECIAL', 245.00, 250.00, 250.00, 250.00, 255.00),
(411, '3L COOKIES AND CREAM', 'PLUSS', 255.00, 255.00, 255.00, 255.00, 260.00),
(412, '3L CHOCONUEZ', '3L ESPECIAL', 255.00, 255.00, 255.00, 255.00, 260.00),
(413, '3L AMBROSIA', '3L ESPECIAL', 255.00, 255.00, 255.00, 255.00, 260.00),
(501, 'PAY DE LIMON', 'PAYS', 180.00, 180.00, 180.00, 180.00, 180.00),
(502, 'PAY DE QUESO', 'PAYS', 180.00, 180.00, 180.00, 180.00, 180.00),
(503, 'FLAN NAPOLITANO', 'PAYS', 225.00, 235.00, 235.00, 235.00, 245.00),
(504, 'CHESSE CAKE', 'PAYS', 220.00, 220.00, 220.00, 220.00, 225.00),
(505, 'LIMON EXTRAGRANDE', 'PAYS', 220.00, 220.00, 220.00, 235.00, 235.00),
(506, 'OBLEA CHICA', 'ESPECIAL', 60.00, 60.00, 60.00, 60.00, 60.00),
(507, 'OBLEA 5K', 'ESPECIAL', 90.00, 90.00, 90.00, 90.00, 90.00),
(508, 'DIBUJO CREMA', 'ESPECIAL', 90.00, 90.00, 90.00, 90.00, 90.00),
(601, 'QUESO CON CHOCOLATE', 'PAY DECORADO', 210.00, 235.00, 235.00, 235.00, 235.00),
(602, 'QUESO CON FRESA', 'PAY DECORADO', 210.00, 235.00, 235.00, 235.00, 235.00),
(603, 'QUESO CON ZARZAMORA', 'PAY DECORADO', 210.00, 235.00, 235.00, 235.00, 235.00),
(604, 'QUESO CON TRUFA', 'PAY DECORADO', 225.00, 240.00, 240.00, 240.00, 240.00),
(605, 'QUESO CON FRUTAS', 'PAY DECORADO', 225.00, 240.00, 240.00, 240.00, 240.00),
(701, 'QUESO CON FRESA EXTRAGRANDE', 'EXTRAGRANDE', 250.00, 250.00, 250.00, 250.00, 255.00),
(702, 'QUESO CON ZARZAMORA EXTRAGRANDE', 'EXTRAGRANDE', 250.00, 250.00, 250.00, 250.00, 250.00),
(703, 'QUESO CON TRUFA EXTRAGRANDE', 'EXTRAGRANDE', 265.00, 265.00, 265.00, 265.00, 265.00),
(704, 'QUESO CON FRUTAS EXTRAGRANDE', 'EXTRAGRANDE', 265.00, 265.00, 265.00, 265.00, 265.00),
(705, 'QUESO CON CHOCOLATE EXTRAGRANDE', 'EXTRAGRANDE', 250.00, 250.00, 250.00, 250.00, 250.00),
(801, 'BARRA MOKA', 'PASTEL BARRA', 235.00, 235.00, 240.00, 235.00, 240.00),
(802, 'BARRA SACHER', 'PASTEL BARRA', 235.00, 235.00, 240.00, 235.00, 240.00),
(803, 'BARRA TRUFA', 'PASTEL BARRA', 235.00, 235.00, 240.00, 235.00, 240.00),
(804, 'BARRA SELVA NEGRA', 'PASTEL BARRA', 235.00, 235.00, 240.00, 235.00, 240.00),
(805, 'BARRA 3L CHOCOLATE', 'BARRAS', 245.00, 245.00, 245.00, 245.00, 245.00),
(806, 'NINO ENV. 3L MONTE BLANCO', 'PASTEL BARRA', 245.00, 245.00, 245.00, 245.00, 245.00),
(807, 'NINO ENV. 3L MANGO', 'PASTEL BARRA', 245.00, 245.00, 245.00, 245.00, 245.00),
(808, 'NINO ENV. 3L ENCANTO FRESA', 'PASTEL BARRA', 245.00, 245.00, 245.00, 245.00, 245.00),
(809, 'BARRA 3L FRESA', 'BARRAS', 265.00, 265.00, 265.00, 265.00, 265.00),
(810, 'BARRA 3L DURAZNO', 'BARRAS', 245.00, 245.00, 245.00, 245.00, 245.00),
(811, 'NIÑO ENV. CHABACANO ', 'BARRAS', 280.00, 280.00, 280.00, 280.00, 280.00),
(901, '3L CHOCOFRESA', 'LINEA PLUS', 255.00, 255.00, 255.00, 255.00, 260.00),
(902, '3L BARQUILLO CUBIERTO', 'LINEA PLUS', 255.00, 255.00, 255.00, 255.00, 260.00),
(903, '3L COMBINADO DE NUEZ', 'LINEA PLUS', 255.00, 255.00, 255.00, 255.00, 260.00),
(904, '3L FRUTAS', 'LINEA PLUS', 255.00, 255.00, 255.00, 255.00, 260.00),
(905, 'CHOCOPAY', 'LINEA PLUS', 255.00, 255.00, 255.00, 255.00, 260.00),
(906, 'CHOCOQUESO', 'LINEA PLUS', 255.00, 255.00, 255.00, 255.00, 260.00),
(907, 'NAPOLITANO/NUEZ', 'LINEA PLUS', 265.00, 265.00, 265.00, 265.00, 265.00),
(908, '3L MOKAFLAN', 'PLUSS', 255.00, 255.00, 255.00, 255.00, 260.00),
(909, 'IRLANDES', 'PLUSS', 255.00, 255.00, 255.00, 255.00, 260.00),
(910, 'CHEESE CAKE CON ZARZAMORA ', 'GOURMET', 240.00, 240.00, 240.00, 240.00, 250.00),
(911, '3L GANASCH', 'PLUSS', 245.00, 250.00, 250.00, 250.00, 260.00),
(912, 'CHOCOFLAN CON FRUTAS', 'PLUSS', 255.00, 255.00, 260.00, 260.00, 260.00),
(999, 'PANQUESITO', 'PANQUE', 200.00, 200.00, 200.00, 200.00, 200.00),
(1001, '3L FRESAS CON CREMA', 'GOURMET', 265.00, 265.00, 270.00, 265.00, 265.00),
(1002, '3L KIWI', 'GOURMET', 265.00, 265.00, 270.00, 265.00, 265.00),
(1003, '3L GALLETA OREO', 'GOURMET', 250.00, 250.00, 260.00, 250.00, 260.00),
(1004, '3L GUARDIAS', 'GOURMET', 250.00, 250.00, 260.00, 250.00, 260.00),
(1005, '3L TEQUILA', 'GOURMET', 250.00, 250.00, 260.00, 250.00, 260.00),
(1006, '3L ENJAMBRE', 'GOURMET', 265.00, 265.00, 270.00, 265.00, 265.00),
(1007, '3L BOCADO DE CIELO', 'GOURMET', 250.00, 250.00, 260.00, 250.00, 260.00),
(1008, '3L MAGNUM ', 'GOURMET', 250.00, 250.00, 260.00, 250.00, 260.00),
(1009, '3L CAFE CAPUCHINO', 'GOURMET', 250.00, 250.00, 260.00, 250.00, 260.00),
(1010, 'ANIVERSARIO MULTIPLO 10 PERSONAS', '3L', 225.00, 225.00, 225.00, 225.00, 225.00),
(1011, 'OBLEA REDONDA', 'PLUSS', 60.00, 60.00, 60.00, 60.00, 60.00),
(1012, 'CONEJOS', 'PLUSS', 270.00, 270.00, 270.00, 270.00, 270.00),
(1013, '3L DELIRIO DE CHOCOLATE', 'GOURMET', 260.00, 260.00, 260.00, 260.00, 260.00),
(5000, 'INDIVIDUAL', 'INDIVIDUAL', 34.00, 34.00, 34.00, 34.00, 34.00),
(5001, 'INDIVIDUAL CHOCOLATE', 'GOURMET', 35.00, 35.00, 35.00, 35.00, 35.00);

--
-- Disparadores `pasteles`
--
DELIMITER $$
CREATE TRIGGER `detallePastel` AFTER INSERT ON `pasteles` FOR EACH ROW insert into detallePasteles(nombre,linea,may,med,even,men,fechaReg) values(new.pastel,new.linea,new.p_mayoreo,new.p_medio,new.p_eventual,new.p_menudeo,now())
$$
DELIMITER ;
DELIMITER $$
CREATE TRIGGER `stockpasteles` AFTER INSERT ON `pasteles` FOR EACH ROW INSERT INTO pastelesstock(id_producto,pastel,stockRuta1,stockRuta2) VALUES (new.id_producto,new.pastel,0,0)
$$
DELIMITER ;

-- --------------------------------------------------------

--
-- Estructura de tabla para la tabla `pastelesstock`
--

CREATE TABLE `pastelesstock` (
  `id_producto` int(30) NOT NULL,
  `pastel` varchar(50) COLLATE utf8_spanish_ci NOT NULL,
  `stockRuta1` int(4) NOT NULL,
  `stockRuta2` int(4) NOT NULL
) ENGINE=InnoDB DEFAULT CHARSET=utf8 COLLATE=utf8_spanish_ci;

--
-- Volcado de datos para la tabla `pastelesstock`
--

INSERT INTO `pastelesstock` (`id_producto`, `pastel`, `stockRuta1`, `stockRuta2`) VALUES
(101, '3L CAJETA', 0, 0),
(102, '3L CAJETA PRINCIPE', 0, 0),
(103, '3L ROMPOPE', 0, 0),
(104, '3L DOMINO', 0, 0),
(105, '3L IMPERIAL', 0, 0),
(106, '3L CAPUCHINO', 0, 0),
(107, '3L CHOCOLATE', 0, 0),
(108, '3L MOKA', 0, 0),
(109, '3L SELVA NEGRA', 0, 0),
(110, '3L FRESA', 0, 0),
(111, '3L REINA FRESA', 0, 0),
(112, '3L DURAZNO', 0, 0),
(113, '3L ENCANTO FRESA', 0, 0),
(114, '3L ENCANTO ZARZAMORA', 0, 0),
(115, '3L ZEBRA', 0, 0),
(116, '3L CAJETA/ZARZAMORA', 0, 0),
(117, '3L BARQUILLO', 0, 0),
(118, '3L TRUFA', 0, 0),
(119, '3L NATA', 0, 0),
(120, '3L TRES CHOCOLATES', 0, 0),
(121, '3L DOS CHOCOLATES', 0, 0),
(122, '3L AJEDREZ', 0, 0),
(123, '3L FRESA CREMAQUILLA', 0, 0),
(124, '3L IMPERIAL MOKA', 0, 0),
(125, '3L CAFE', 0, 0),
(126, '3L TELARAÑA', 0, 0),
(127, '3L REINA DURAZNO', 0, 0),
(128, '3L ENCANTO ZARZA TRIPLE', 0, 0),
(129, '3L NATA TRIPLE', 0, 0),
(130, '3L SELVA NEGRA TRIPLE ', 0, 0),
(201, 'BARQUILLO TRADICIONAL', 0, 0),
(202, 'MOKA TRADICIONAL', 0, 0),
(203, 'SACHER', 0, 0),
(204, 'TRUFA TRADICIONAL', 0, 0),
(205, 'DOMINO TRADICIONAL', 0, 0),
(206, 'CHOCONUEZ', 0, 0),
(207, 'MOKA BLANCO', 0, 0),
(208, 'SELVA NEGRA TRADICIONAL', 0, 0),
(209, 'ZEBRA', 0, 0),
(210, 'SACHER ALTO', 0, 0),
(211, 'DURAZNO TRADICIONAL', 0, 0),
(301, 'CAMPECHANO', 0, 0),
(302, 'CHOCOFLAN', 0, 0),
(303, 'QUESOFLAN', 0, 0),
(304, 'MARMOLEADO TRIPLE', 0, 0),
(305, 'TIRAMIZU', 0, 0),
(306, 'NUEZ DELICIAS', 0, 0),
(307, 'CHOCOFRESA', 0, 0),
(308, 'REINA DURAZNO', 0, 0),
(401, '3L AMARETO', 0, 0),
(402, '3L CHOCOLOCO', 0, 0),
(403, '3L DALMATA', 0, 0),
(404, '3L NAPOLITANO', 0, 0),
(405, '3L CAPUCHINO ESP', 0, 0),
(406, '3L CHOCOFRUTAS', 0, 0),
(407, 'CHOCOCREAM', 0, 0),
(408, '3L NUEZ', 0, 0),
(409, '3L KALHUA', 0, 0),
(410, '3L MANGO', 0, 0),
(411, '3L COOKIES AND CREAM', 0, 0),
(412, '3L CHOCONUEZ', 0, 0),
(413, '3L AMBROSIA', 0, 0),
(501, 'PAY DE LIMON', 0, 0),
(502, 'PAY DE QUESO', 0, 0),
(503, 'FLAN NAPOLITANO', 0, 0),
(504, 'CHESSE CAKE', 0, 0),
(505, 'LIMON EXTRAGRANDE', 0, 0),
(506, 'OBLEA CHICA', 0, 0),
(507, 'OBLEA 5K', 0, 0),
(508, 'DIBUJO CREMA', 0, 0),
(601, 'QUESO CON CHOCOLATE', 0, 0),
(602, 'QUESO CON FRESA', 0, 0),
(603, 'QUESO CON ZARZAMORA', 0, 0),
(604, 'QUESO CON TRUFA', 0, 0),
(605, 'QUESO CON FRUTAS', 0, 0),
(701, 'QUESO CON FRESA EXTRAGRANDE', 0, 0),
(702, 'QUESO CON ZARZAMORA EXTRAGRANDE', 0, 0),
(703, 'QUESO CON TRUFA EXTRAGRANDE', 0, 0),
(704, 'QUESO CON FRUTAS EXTRAGRANDE', 0, 0),
(705, 'QUESO CON CHOCOLATE EXTRAGRANDE', 0, 0),
(801, 'BARRA MOKA', 0, 0),
(802, 'BARRA SACHER', 0, 0),
(803, 'BARRA TRUFA', 0, 0),
(804, 'BARRA SELVA NEGRA', 0, 0),
(805, 'BARRA 3L CHOCOLATE', 0, 0),
(806, 'NINO ENV. 3L MONTE BLANCO', 0, 0),
(807, 'NINO ENV. 3L MANGO', 0, 0),
(808, 'NINO ENV. 3L ENCANTO FRESA', 0, 0),
(809, 'BARRA 3L FRESA', 0, 0),
(810, 'BARRA 3L DURAZNO', 0, 0),
(811, 'NIÑO ENV. CHABACANO ', 0, 0),
(901, '3L CHOCOFRESA', 0, 0),
(902, '3L BARQUILLO CUBIERTO', 0, 0),
(903, '3L COMBINADO DE NUEZ', 0, 0),
(904, '3L FRUTAS', 0, 0),
(905, 'CHOCOPAY', 0, 0),
(906, 'CHOCOQUESO', 0, 0),
(907, 'NAPOLITANO/NUEZ', 0, 0),
(908, '3L MOKAFLAN', 0, 0),
(909, 'IRLANDES', 0, 0),
(910, 'CHEESE CAKE CON ZARZAMORA ', 0, 0),
(911, '3L GANASCH', 0, 0),
(912, 'CHOCOFLAN CON FRUTAS', 0, 0),
(999, 'PANQUESITO', 0, 0),
(1001, '3L FRESAS CON CREMA', 0, 0),
(1002, '3L KIWI', 0, 0),
(1003, '3L GALLETA OREO', 0, 0),
(1004, '3L GUARDIAS', 0, 0),
(1005, '3L TEQUILA', 0, 0),
(1006, '3L ENJAMBRE', 0, 0),
(1007, '3L BOCADO DE CIELO', 0, 0),
(1008, '3L MAGNUM ', 0, 0),
(1009, '3L CAFE CAPUCHINO', 0, 0),
(1010, 'ANIVERSARIO MULTIPLO 10 PERSONAS', 0, 0),
(1011, 'OBLEA REDONDA', 0, 0),
(1012, 'CONEJOS', 0, 0),
(1013, '3L DELIRIO DE CHOCOLATE', 0, 0),
(5000, 'INDIVIDUAL', 0, 0),
(5001, 'INDIVIDUAL CHOCOLATE', 0, 0);

-- --------------------------------------------------------

--
-- Estructura de tabla para la tabla `productos_vendidos`
--

CREATE TABLE `productos_vendidos` (
  `id` bigint(20) UNSIGNED NOT NULL,
  `id_producto` int(11) NOT NULL,
  `cantidad` bigint(20) UNSIGNED NOT NULL,
  `precio` float(8,2) NOT NULL,
  `subtotal` float(8,2) NOT NULL,
  `id_venta` bigint(20) UNSIGNED NOT NULL
) ENGINE=InnoDB DEFAULT CHARSET=utf8;

-- --------------------------------------------------------

--
-- Estructura de tabla para la tabla `rellenos`
--

CREATE TABLE `rellenos` (
  `id` int(11) NOT NULL,
  `nombreRelleno` varchar(100) NOT NULL,
  `precio` int(5) NOT NULL
) ENGINE=InnoDB DEFAULT CHARSET=utf8;

--
-- Volcado de datos para la tabla `rellenos`
--

INSERT INTO `rellenos` (`id`, `nombreRelleno`, `precio`) VALUES
(1, 'ALMENDRAS', 18),
(2, 'DURAZNO', 15),
(3, 'DURAZNO Y NUEZ', 25),
(4, 'CON 13 CONEJOS ', 65),
(5, 'CON 12 CONEJOS', 60),
(6, 'NUEZ', 18);

-- --------------------------------------------------------

--
-- Estructura de tabla para la tabla `users`
--

CREATE TABLE `users` (
  `id_nombre` tinyint(50) NOT NULL,
  `usuario` varchar(30) COLLATE utf8_spanish_ci NOT NULL,
  `contrasena` varchar(50) COLLATE utf8_spanish_ci NOT NULL
) ENGINE=InnoDB DEFAULT CHARSET=utf8 COLLATE=utf8_spanish_ci;

--
-- Volcado de datos para la tabla `users`
--

INSERT INTO `users` (`id_nombre`, `usuario`, `contrasena`) VALUES
(1, 'alek', '1234'),
(2, 'trigales', 'trigalesdeoro'),
(3, 'erazo', 'c72ce4df78f5a406f648404a98e22407');

-- --------------------------------------------------------

--
-- Estructura de tabla para la tabla `ventas`
--

CREATE TABLE `ventas` (
  `id` bigint(20) UNSIGNED NOT NULL,
  `nombre` varchar(50) NOT NULL,
  `rfc` varchar(13) NOT NULL,
  `direccion` varchar(50) NOT NULL,
  `obs` varchar(50) NOT NULL,
  `fecha` date NOT NULL,
  `piezasVen` int(3) NOT NULL,
  `pago` varchar(7) NOT NULL,
  `total` float(8,2) NOT NULL
) ENGINE=InnoDB DEFAULT CHARSET=utf8;

--
-- Índices para tablas volcadas
--

--
-- Indices de la tabla `clientes`
--
ALTER TABLE `clientes`
  ADD PRIMARY KEY (`id_nombre`);

--
-- Indices de la tabla `pasteles`
--
ALTER TABLE `pasteles`
  ADD PRIMARY KEY (`id_producto`);

--
-- Indices de la tabla `pastelesstock`
--
ALTER TABLE `pastelesstock`
  ADD PRIMARY KEY (`id_producto`);

--
-- Indices de la tabla `productos_vendidos`
--
ALTER TABLE `productos_vendidos`
  ADD PRIMARY KEY (`id`),
  ADD KEY `id_producto` (`id_producto`),
  ADD KEY `id_venta` (`id_venta`);

--
-- Indices de la tabla `ventas`
--
ALTER TABLE `ventas`
  ADD PRIMARY KEY (`id`);

--
-- AUTO_INCREMENT de las tablas volcadas
--

--
-- AUTO_INCREMENT de la tabla `clientes`
--
ALTER TABLE `clientes`
  MODIFY `id_nombre` tinyint(50) NOT NULL AUTO_INCREMENT, AUTO_INCREMENT=63;

--
-- AUTO_INCREMENT de la tabla `productos_vendidos`
--
ALTER TABLE `productos_vendidos`
  MODIFY `id` bigint(20) UNSIGNED NOT NULL AUTO_INCREMENT;

--
-- AUTO_INCREMENT de la tabla `ventas`
--
ALTER TABLE `ventas`
  MODIFY `id` bigint(20) UNSIGNED NOT NULL AUTO_INCREMENT;

--
-- Restricciones para tablas volcadas
--

--
-- Filtros para la tabla `productos_vendidos`
--
ALTER TABLE `productos_vendidos`
  ADD CONSTRAINT `productos_vendidos_ibfk_1` FOREIGN KEY (`id_producto`) REFERENCES `pasteles` (`id_producto`) ON DELETE CASCADE,
  ADD CONSTRAINT `productos_vendidos_ibfk_2` FOREIGN KEY (`id_venta`) REFERENCES `ventas` (`id`) ON DELETE CASCADE;
COMMIT;

/*!40101 SET CHARACTER_SET_CLIENT=@OLD_CHARACTER_SET_CLIENT */;
/*!40101 SET CHARACTER_SET_RESULTS=@OLD_CHARACTER_SET_RESULTS */;
/*!40101 SET COLLATION_CONNECTION=@OLD_COLLATION_CONNECTION */;
